用户ID,性别,年龄,肤质,会员,RFM分类,聚类
U00000001,女,33,,是,潜力发展用户,
U00000002,女,32,,是,潜力发展用户,
U00000003,女,44,,否,高价值沉睡用户,
U00000004,女,33,,否,核心价值用户,
U00000005,男,45,,是,高价值沉睡用户,
U00000006,男,41,,否,核心价值用户,
U00000007,女,19,,是,潜力发展用户,
U00000008,女,23,,是,低价值/流失用户,
U00000009,女,65,,是,核心价值用户,
U00000010,女,22,,否,核心价值用户,
U00000011,男,38,,否,潜力发展用户,
U00000012,女,19,,是,核心价值用户,
U00000013,女,54,,是,高价值沉睡用户,
U00000014,男,52,,否,高价值沉睡用户,
U00000015,女,27,,是,核心价值用户,
U00000016,女,62,,是,潜力发展用户,
U00000017,女,57,,是,核心价值用户,
U00000018,女,40,,否,核心价值用户,
U00000019,女,63,,否,高价值沉睡用户,
U00000020,女,35,,是,核心价值用户,
U00000021,女,25,,否,核心价值用户,
U00000022,女,59,,是,核心价值用户,
U00000023,女,48,,是,核心价值用户,
U00000024,男,33,,否,潜力发展用户,
U00000025,男,65,,否,高价值沉睡用户,
U00000026,男,41,,是,低价值/流失用户,
U00000027,女,59,,否,核心价值用户,
U00000028,女,43,,否,高价值沉睡用户,
U00000029,男,19,,是,高价值沉睡用户,
U00000030,女,52,,否,潜力发展用户,
U00000031,女,65,,否,核心价值用户,
U00000032,女,29,,否,高价值沉睡用户,
U00000033,男,54,,是,潜力发展用户,
U00000034,男,50,,否,低价值/流失用户,
U00000035,男,21,,是,核心价值用户,
U00000036,女,49,,是,核心价值用户,
U00000037,女,19,,否,潜力发展用户,
U00000038,女,65,,是,高价值沉睡用户,
U00000039,女,44,,是,核心价值用户,
U00000040,男,24,,否,低价值/流失用户,
U00000041,男,20,,否,核心价值用户,
U00000042,男,46,,否,核心价值用户,
U00000043,女,44,,是,潜力发展用户,
U00000044,男,54,,是,低价值/流失用户,
U00000045,男,60,,否,高价值沉睡用户,
U00000046,女,64,,否,潜力发展用户,
U00000047,女,47,,否,核心价值用户,
U00000048,女,35,,否,潜力发展用户,
U00000049,女,20,,否,潜力发展用户,
U00000050,女,65,,是,潜力发展用户,
U00000051,女,54,,否,核心价值用户,
U00000052,女,41,,是,低价值/流失用户,
U00000053,女,43,,是,低价值/流失用户,
U00000054,女,52,,是,核心价值用户,
U00000055,女,44,,否,核心价值用户,
U00000056,女,61,,否,低价值/流失用户,
U00000057,男,54,,否,高价值沉睡用户,
U00000058,女,61,,否,潜力发展用户,
U00000059,女,60,,否,高价值沉睡用户,
U00000060,男,41,,否,高价值沉睡用户,
U00000061,女,56,,是,高价值沉睡用户,
U00000062,女,53,,是,高价值沉睡用户,
U00000063,男,65,,否,高价值沉睡用户,
U00000064,女,38,,否,潜力发展用户,
U00000065,女,50,,是,核心价值用户,
U00000066,女,54,,否,潜力发展用户,
U00000067,女,65,,是,高价值沉睡用户,
U00000068,男,28,,否,高价值沉睡用户,
U00000069,男,63,,否,核心价值用户,
U00000070,女,47,,否,核心价值用户,
U00000071,女,39,,是,核心价值用户,
U00000072,女,33,,是,潜力发展用户,
U00000073,女,26,,否,潜力发展用户,
U00000074,女,43,,是,高价值沉睡用户,
U00000075,男,64,,是,核心价值用户,
U00000076,男,21,,是,高价值沉睡用户,
U00000077,女,22,,否,核心价值用户,
U00000078,女,20,,否,核心价值用户,
U00000079,女,33,,否,高价值沉睡用户,
U00000080,女,39,,否,潜力发展用户,
U00000081,女,59,,是,潜力发展用户,
U00000082,女,63,,是,核心价值用户,
U00000083,男,35,,是,核心价值用户,
U00000084,女,55,,是,高价值沉睡用户,
U00000085,男,39,,是,低价值/流失用户,
U00000086,女,54,,否,核心价值用户,
U00000087,男,49,,否,核心价值用户,
U00000088,女,44,,是,潜力发展用户,
U00000089,男,20,,是,低价值/流失用户,
U00000090,女,54,,是,潜力发展用户,
U00000091,女,59,,否,核心价值用户,
U00000092,女,18,,否,低价值/流失用户,
U00000093,女,51,,是,高价值沉睡用户,
U00000094,女,59,,是,核心价值用户,
U00000095,女,50,,否,核心价值用户,
U00000096,女,35,,否,高价值沉睡用户,
U00000097,男,52,,是,核心价值用户,
U00000098,女,46,,否,核心价值用户,
U00000099,女,49,,否,高价值沉睡用户,
U00000100,女,52,,否,高价值沉睡用户,
U00000101,男,40,,否,高价值沉睡用户,
U00000102,女,21,,否,高价值沉睡用户,
U00000103,男,38,,是,潜力发展用户,
U00000104,男,53,,是,潜力发展用户,
U00000105,女,25,,是,核心价值用户,
U00000106,男,45,,否,潜力发展用户,
U00000107,男,28,,是,核心价值用户,
U00000108,女,44,,否,潜力发展用户,
U00000109,女,34,,否,低价值/流失用户,
U00000110,女,40,,是,核心价值用户,
U00000111,男,23,,否,高价值沉睡用户,
U00000112,男,59,,否,低价值/流失用户,
U00000113,男,23,,否,潜力发展用户,
U00000114,男,32,,是,核心价值用户,
U00000115,女,63,,否,高价值沉睡用户,
U00000116,男,20,,否,潜力发展用户,
U00000117,女,36,,是,潜力发展用户,
U00000118,女,23,,是,核心价值用户,
U00000119,女,60,,是,核心价值用户,
U00000120,女,56,,否,核心价值用户,
U00000121,女,51,,否,高价值沉睡用户,
U00000122,女,27,,否,核心价值用户,
U00000123,女,30,,否,低价值/流失用户,
U00000124,女,27,,是,潜力发展用户,
U00000125,女,44,,否,低价值/流失用户,
U00000126,男,45,,否,潜力发展用户,
U00000127,女,22,,否,潜力发展用户,
U00000128,女,19,,否,高价值沉睡用户,
U00000129,男,35,,是,高价值沉睡用户,
U00000130,女,53,,是,潜力发展用户,
U00000131,女,64,,否,高价值沉睡用户,
U00000132,女,32,,是,潜力发展用户,
U00000133,女,41,,是,核心价值用户,
U00000134,女,44,,否,潜力发展用户,
U00000135,女,58,,否,核心价值用户,
U00000136,女,58,,是,高价值沉睡用户,
U00000137,女,51,,是,高价值沉睡用户,
U00000138,男,38,,否,潜力发展用户,
U00000139,女,52,,是,低价值/流失用户,
U00000140,男,63,,否,高价值沉睡用户,
U00000141,女,36,,否,高价值沉睡用户,
U00000142,男,58,,否,潜力发展用户,
U00000143,女,61,,否,低价值/流失用户,
U00000144,女,51,,是,低价值/流失用户,
U00000145,男,38,,是,核心价值用户,
U00000146,男,49,,否,潜力发展用户,
U00000147,男,49,,否,核心价值用户,
U00000148,女,40,,否,潜力发展用户,
U00000149,女,40,,否,核心价值用户,
U00000150,女,24,,否,核心价值用户,
U00000151,女,57,,否,潜力发展用户,
U00000152,女,64,,是,潜力发展用户,
U00000153,女,38,,是,潜力发展用户,
U00000154,女,44,,否,高价值沉睡用户,
U00000155,女,20,,否,核心价值用户,
U00000156,女,24,,是,核心价值用户,
U00000157,男,59,,否,高价值沉睡用户,
U00000158,男,59,,是,低价值/流失用户,
U00000159,男,32,,否,高价值沉睡用户,
U00000160,女,47,,否,潜力发展用户,
U00000161,男,40,,否,低价值/流失用户,
U00000162,女,18,,否,核心价值用户,
U00000163,女,35,,是,核心价值用户,
U00000164,女,20,,否,高价值沉睡用户,
U00000165,女,59,,否,低价值/流失用户,
U00000166,男,53,,否,高价值沉睡用户,
U00000167,女,57,,是,低价值/流失用户,
U00000168,女,57,,否,核心价值用户,
U00000169,女,54,,是,核心价值用户,
U00000170,女,32,,是,高价值沉睡用户,
U00000171,女,51,,否,高价值沉睡用户,
U00000172,男,30,,否,潜力发展用户,
U00000173,男,60,,否,高价值沉睡用户,
U00000174,男,47,,是,核心价值用户,
U00000175,女,21,,是,潜力发展用户,
U00000176,女,48,,是,潜力发展用户,
U00000177,男,39,,否,潜力发展用户,
U00000178,女,42,,否,潜力发展用户,
U00000179,女,24,,是,高价值沉睡用户,
U00000180,女,63,,是,高价值沉睡用户,
U00000181,女,33,,否,低价值/流失用户,
U00000182,女,50,,是,高价值沉睡用户,
U00000183,女,20,,否,潜力发展用户,
U00000184,女,34,,是,高价值沉睡用户,
U00000185,男,21,,是,高价值沉睡用户,
U00000186,男,49,,是,高价值沉睡用户,
U00000187,男,53,,否,核心价值用户,
U00000188,女,25,,否,核心价值用户,
U00000189,男,27,,否,核心价值用户,
U00000190,女,48,,是,高价值沉睡用户,
U00000191,女,64,,是,潜力发展用户,
U00000192,女,48,,是,高价值沉睡用户,
U00000193,女,27,,否,核心价值用户,
U00000194,女,58,,否,潜力发展用户,
U00000195,女,31,,否,低价值/流失用户,
U00000196,男,63,,否,核心价值用户,
U00000197,女,47,,是,核心价值用户,
U00000198,女,33,,是,高价值沉睡用户,
U00000199,女,52,,是,潜力发展用户,
U00000200,男,26,,否,潜力发展用户,
U00000201,男,43,,否,核心价值用户,
U00000202,女,29,,是,核心价值用户,
U00000203,男,62,,是,高价值沉睡用户,
U00000204,女,62,,否,高价值沉睡用户,
U00000205,女,42,,否,潜力发展用户,
U00000206,男,37,,是,潜力发展用户,
U00000207,男,34,,否,潜力发展用户,
U00000208,女,61,,是,潜力发展用户,
U00000209,男,50,,否,高价值沉睡用户,
U00000210,女,34,,是,核心价值用户,
U00000211,女,43,,否,低价值/流失用户,
U00000212,男,46,,否,潜力发展用户,
U00000213,女,42,,是,高价值沉睡用户,
U00000214,女,36,,否,高价值沉睡用户,
U00000215,女,45,,是,潜力发展用户,
U00000216,男,58,,否,核心价值用户,
U00000217,女,28,,是,核心价值用户,
U00000218,女,48,,否,核心价值用户,
U00000219,女,49,,是,高价值沉睡用户,
U00000220,女,23,,否,核心价值用户,
U00000221,女,25,,否,核心价值用户,
U00000222,女,46,,否,潜力发展用户,
U00000223,女,44,,否,高价值沉睡用户,
U00000224,女,23,,否,核心价值用户,
U00000225,男,33,,是,核心价值用户,
U00000226,男,63,,是,潜力发展用户,
U00000227,男,32,,否,低价值/流失用户,
U00000228,男,51,,否,潜力发展用户,
U00000229,女,52,,否,潜力发展用户,
U00000230,男,25,,否,潜力发展用户,
U00000231,女,49,,否,核心价值用户,
U00000232,女,47,,是,核心价值用户,
U00000233,女,25,,否,高价值沉睡用户,
U00000234,女,18,,是,核心价值用户,
U00000235,女,38,,是,核心价值用户,
U00000236,女,56,,否,潜力发展用户,
U00000237,女,22,,是,潜力发展用户,
U00000238,女,59,,否,潜力发展用户,
U00000239,男,27,,是,潜力发展用户,
U00000240,男,40,,是,潜力发展用户,
U00000241,女,43,,否,核心价值用户,
U00000242,男,49,,否,核心价值用户,
U00000243,女,29,,否,高价值沉睡用户,
U00000244,男,30,,否,核心价值用户,
U00000245,女,51,,是,低价值/流失用户,
U00000246,女,45,,否,潜力发展用户,
U00000247,女,19,,否,低价值/流失用户,
U00000248,女,26,,是,核心价值用户,
U00000249,女,30,,是,高价值沉睡用户,
U00000250,女,63,,是,高价值沉睡用户,
U00000251,女,21,,否,核心价值用户,
U00000252,男,36,,否,潜力发展用户,
U00000253,女,18,,是,潜力发展用户,
U00000254,男,32,,是,高价值沉睡用户,
U00000255,男,46,,否,高价值沉睡用户,
U00000256,女,43,,是,潜力发展用户,
U00000257,女,22,,否,高价值沉睡用户,
U00000258,女,29,,否,核心价值用户,
U00000259,女,65,,是,潜力发展用户,
U00000260,女,50,,否,高价值沉睡用户,
U00000261,女,32,,否,潜力发展用户,
U00000262,女,51,,否,核心价值用户,
U00000263,女,60,,是,低价值/流失用户,
U00000264,女,55,,否,高价值沉睡用户,
U00000265,女,52,,否,低价值/流失用户,
U00000266,男,34,,否,低价值/流失用户,
U00000267,女,41,,否,低价值/流失用户,
U00000268,女,60,,否,潜力发展用户,
U00000269,女,53,,是,潜力发展用户,
U00000270,男,35,,是,高价值沉睡用户,
U00000271,男,41,,否,高价值沉睡用户,
U00000272,女,38,,是,高价值沉睡用户,
U00000273,女,48,,是,潜力发展用户,
U00000274,男,51,,是,潜力发展用户,
U00000275,男,21,,是,核心价值用户,
U00000276,女,39,,是,低价值/流失用户,
U00000277,女,38,,是,高价值沉睡用户,
U00000278,男,57,,否,高价值沉睡用户,
U00000279,女,44,,否,核心价值用户,
U00000280,女,42,,是,核心价值用户,
U00000281,女,65,,是,核心价值用户,
U00000282,女,36,,是,高价值沉睡用户,
U00000283,女,22,,是,潜力发展用户,
U00000284,女,45,,否,潜力发展用户,
U00000285,女,60,,是,核心价值用户,
U00000286,女,46,,否,潜力发展用户,
U00000287,男,28,,是,潜力发展用户,
U00000288,女,57,,是,核心价值用户,
U00000289,男,30,,否,潜力发展用户,
U00000290,女,37,,是,潜力发展用户,
U00000291,女,43,,是,高价值沉睡用户,
U00000292,男,64,,是,潜力发展用户,
U00000293,女,28,,否,高价值沉睡用户,
U00000294,女,51,,否,低价值/流失用户,
U00000295,女,38,,否,核心价值用户,
U00000296,女,27,,是,潜力发展用户,
U00000297,女,62,,是,核心价值用户,
U00000298,男,62,,否,核心价值用户,
U00000299,女,26,,否,潜力发展用户,
U00000300,女,51,,否,高价值沉睡用户,
U00000301,女,52,,否,核心价值用户,
U00000302,男,39,,否,低价值/流失用户,
U00000303,女,39,,否,核心价值用户,
U00000304,女,19,,否,核心价值用户,
U00000305,女,27,,是,潜力发展用户,
U00000306,女,18,,是,高价值沉睡用户,
U00000307,女,27,,否,潜力发展用户,
U00000308,女,51,,否,潜力发展用户,
U00000309,女,25,,否,高价值沉睡用户,
U00000310,女,22,,否,高价值沉睡用户,
U00000311,女,61,,否,潜力发展用户,
U00000312,女,56,,否,高价值沉睡用户,
U00000313,女,54,,否,潜力发展用户,
U00000314,女,18,,否,核心价值用户,
U00000315,女,33,,是,核心价值用户,
U00000316,男,44,,是,低价值/流失用户,
U00000317,男,60,,否,高价值沉睡用户,
U00000318,女,57,,是,核心价值用户,
U00000319,男,59,,是,高价值沉睡用户,
U00000320,男,62,,是,高价值沉睡用户,
U00000321,男,32,,否,潜力发展用户,
U00000322,女,53,,是,潜力发展用户,
U00000323,女,26,,否,高价值沉睡用户,
U00000324,女,26,,否,高价值沉睡用户,
U00000325,女,50,,是,核心价值用户,
U00000326,男,29,,否,潜力发展用户,
U00000327,男,40,,是,潜力发展用户,
U00000328,女,27,,否,潜力发展用户,
U00000329,女,41,,否,核心价值用户,
U00000330,女,35,,否,低价值/流失用户,
U00000331,男,62,,否,高价值沉睡用户,
U00000332,女,26,,否,高价值沉睡用户,
U00000333,女,49,,否,高价值沉睡用户,
U00000334,女,22,,否,高价值沉睡用户,
U00000335,女,57,,否,核心价值用户,
U00000336,男,54,,是,潜力发展用户,
U00000337,女,47,,否,高价值沉睡用户,
U00000338,女,55,,是,潜力发展用户,
U00000339,女,53,,否,潜力发展用户,
U00000340,女,30,,是,高价值沉睡用户,
U00000341,女,53,,否,潜力发展用户,
U00000342,男,35,,否,潜力发展用户,
U00000343,女,57,,否,高价值沉睡用户,
U00000344,男,20,,否,潜力发展用户,
U00000345,女,43,,否,低价值/流失用户,
U00000346,女,53,,是,核心价值用户,
U00000347,女,51,,否,高价值沉睡用户,
U00000348,男,54,,是,核心价值用户,
U00000349,女,53,,是,低价值/流失用户,
U00000350,男,38,,是,高价值沉睡用户,
U00000351,男,53,,否,高价值沉睡用户,
U00000352,男,42,,否,核心价值用户,
U00000353,女,22,,否,高价值沉睡用户,
U00000354,女,29,,否,低价值/流失用户,
U00000355,女,34,,否,高价值沉睡用户,
U00000356,男,41,,是,核心价值用户,
U00000357,男,39,,是,潜力发展用户,
U00000358,女,42,,否,核心价值用户,
U00000359,女,23,,否,高价值沉睡用户,
U00000360,女,39,,是,核心价值用户,
U00000361,男,22,,否,潜力发展用户,
U00000362,男,28,,否,核心价值用户,
U00000363,男,41,,是,潜力发展用户,
U00000364,女,33,,否,潜力发展用户,
U00000365,男,18,,否,高价值沉睡用户,
U00000366,女,32,,是,潜力发展用户,
U00000367,女,26,,是,潜力发展用户,
U00000368,女,35,,否,潜力发展用户,
U00000369,女,19,,否,核心价值用户,
U00000370,女,60,,是,低价值/流失用户,
U00000371,女,44,,否,高价值沉睡用户,
U00000372,女,23,,是,核心价值用户,
U00000373,女,22,,是,潜力发展用户,
U00000374,女,32,,是,潜力发展用户,
U00000375,女,39,,否,潜力发展用户,
U00000376,女,27,,是,潜力发展用户,
U00000377,男,61,,否,核心价值用户,
U00000378,女,21,,否,潜力发展用户,
U00000379,女,25,,是,核心价值用户,
U00000380,女,24,,否,核心价值用户,
U00000381,女,39,,否,潜力发展用户,
U00000382,男,20,,是,低价值/流失用户,
U00000383,女,56,,否,潜力发展用户,
U00000384,女,43,,否,核心价值用户,
U00000385,女,51,,是,低价值/流失用户,
U00000386,女,29,,否,高价值沉睡用户,
U00000387,男,24,,否,潜力发展用户,
U00000388,男,35,,否,潜力发展用户,
U00000389,女,44,,是,高价值沉睡用户,
U00000390,女,31,,否,潜力发展用户,
U00000391,女,18,,否,核心价值用户,
U00000392,男,45,,否,潜力发展用户,
U00000393,女,42,,是,高价值沉睡用户,
U00000394,女,20,,否,核心价值用户,
U00000395,男,27,,是,高价值沉睡用户,
U00000396,男,29,,否,潜力发展用户,
U00000397,男,45,,是,核心价值用户,
U00000398,女,28,,否,低价值/流失用户,
U00000399,女,40,,是,低价值/流失用户,
U00000400,女,36,,是,低价值/流失用户,
U00000401,女,37,,否,高价值沉睡用户,
U00000402,女,64,,否,潜力发展用户,
U00000403,女,40,,否,核心价值用户,
U00000404,女,33,,否,潜力发展用户,
U00000405,女,34,,否,高价值沉睡用户,
U00000406,男,50,,否,核心价值用户,
U00000407,女,65,,是,低价值/流失用户,
U00000408,男,26,,否,核心价值用户,
U00000409,女,49,,否,高价值沉睡用户,
U00000410,女,36,,是,潜力发展用户,
U00000411,女,42,,否,潜力发展用户,
U00000412,男,65,,是,低价值/流失用户,
U00000413,女,18,,是,高价值沉睡用户,
U00000414,男,23,,是,潜力发展用户,
U00000415,女,47,,否,低价值/流失用户,
U00000416,男,42,,是,潜力发展用户,
U00000417,女,45,,是,潜力发展用户,
U00000418,女,38,,否,潜力发展用户,
U00000419,女,58,,否,潜力发展用户,
U00000420,女,52,,是,核心价值用户,
U00000421,男,58,,否,高价值沉睡用户,
U00000422,男,32,,否,潜力发展用户,
U00000423,女,65,,是,核心价值用户,
U00000424,女,56,,否,潜力发展用户,
U00000425,女,59,,是,潜力发展用户,
U00000426,女,47,,是,潜力发展用户,
U00000427,女,32,,否,潜力发展用户,
U00000428,女,64,,否,潜力发展用户,
U00000429,女,59,,否,高价值沉睡用户,
U00000430,男,63,,否,核心价值用户,
U00000431,女,22,,是,潜力发展用户,
U00000432,女,64,,是,高价值沉睡用户,
U00000433,女,32,,否,潜力发展用户,
U00000434,男,61,,是,核心价值用户,
U00000435,男,53,,是,潜力发展用户,
U00000436,女,21,,是,高价值沉睡用户,
U00000437,女,33,,否,核心价值用户,
U00000438,女,40,,是,核心价值用户,
U00000439,男,61,,否,核心价值用户,
U00000440,女,44,,是,高价值沉睡用户,
U00000441,女,53,,否,高价值沉睡用户,
U00000442,女,57,,否,低价值/流失用户,
U00000443,男,58,,是,核心价值用户,
U00000444,男,19,,是,高价值沉睡用户,
U00000445,女,28,,是,高价值沉睡用户,
U00000446,男,23,,是,高价值沉睡用户,
U00000447,女,47,,否,潜力发展用户,
U00000448,女,49,,否,潜力发展用户,
U00000449,女,51,,否,核心价值用户,
U00000450,女,26,,否,高价值沉睡用户,
U00000451,女,44,,否,核心价值用户,
U00000452,男,29,,是,高价值沉睡用户,
U00000453,女,33,,是,潜力发展用户,
U00000454,男,20,,是,核心价值用户,
U00000455,女,21,,否,高价值沉睡用户,
U00000456,女,41,,否,高价值沉睡用户,
U00000457,男,62,,是,潜力发展用户,
U00000458,女,56,,是,核心价值用户,
U00000459,男,37,,是,潜力发展用户,
U00000460,男,57,,是,低价值/流失用户,
U00000461,男,36,,是,高价值沉睡用户,
U00000462,女,57,,否,核心价值用户,
U00000463,女,19,,是,高价值沉睡用户,
U00000464,女,62,,否,高价值沉睡用户,
U00000465,男,18,,否,核心价值用户,
U00000466,男,49,,否,低价值/流失用户,
U00000467,男,29,,否,潜力发展用户,
U00000468,男,37,,是,核心价值用户,
U00000469,女,52,,是,核心价值用户,
U00000470,女,48,,否,核心价值用户,
U00000471,女,55,,是,潜力发展用户,
U00000472,女,42,,是,高价值沉睡用户,
U00000473,男,61,,否,高价值沉睡用户,
U00000474,女,22,,否,高价值沉睡用户,
U00000475,女,19,,否,潜力发展用户,
U00000476,女,45,,是,核心价值用户,
U00000477,男,51,,否,潜力发展用户,
U00000478,女,50,,否,高价值沉睡用户,
U00000479,女,48,,是,潜力发展用户,
U00000480,男,18,,否,潜力发展用户,
U00000481,女,60,,是,核心价值用户,
U00000482,女,35,,否,潜力发展用户,
U00000483,男,62,,否,高价值沉睡用户,
U00000484,女,41,,否,潜力发展用户,
U00000485,女,50,,否,潜力发展用户,
U00000486,女,34,,是,高价值沉睡用户,
U00000487,女,64,,是,核心价值用户,
U00000488,男,41,,否,核心价值用户,
U00000489,男,45,,是,核心价值用户,
U00000490,女,27,,否,高价值沉睡用户,
U00000491,女,64,,否,高价值沉睡用户,
U00000492,女,61,,否,核心价值用户,
U00000493,女,31,,否,核心价值用户,
U00000494,女,41,,否,核心价值用户,
U00000495,女,20,,否,核心价值用户,
U00000496,男,47,,是,高价值沉睡用户,
U00000497,女,30,,否,核心价值用户,
U00000498,男,50,,否,潜力发展用户,
U00000499,女,54,,否,低价值/流失用户,
U00000500,男,54,,是,潜力发展用户,
U00000501,男,36,,否,高价值沉睡用户,
U00000502,男,51,,否,潜力发展用户,
U00000503,女,58,,否,核心价值用户,
U00000504,女,26,,否,核心价值用户,
U00000505,男,32,,否,潜力发展用户,
U00000506,男,63,,否,潜力发展用户,
U00000507,男,34,,否,核心价值用户,
U00000508,男,63,,是,核心价值用户,
U00000509,男,25,,否,潜力发展用户,
U00000510,女,23,,是,低价值/流失用户,
U00000511,男,42,,是,低价值/流失用户,
U00000512,女,27,,是,潜力发展用户,
U00000513,女,18,,否,低价值/流失用户,
U00000514,男,51,,是,核心价值用户,
U00000515,男,23,,否,高价值沉睡用户,
U00000516,男,57,,是,潜力发展用户,
U00000517,女,57,,是,核心价值用户,
U00000518,女,33,,否,核心价值用户,
U00000519,女,49,,否,核心价值用户,
U00000520,男,62,,否,高价值沉睡用户,
U00000521,男,47,,否,潜力发展用户,
U00000522,女,42,,否,低价值/流失用户,
U00000523,男,57,,是,核心价值用户,
U00000524,男,39,,是,潜力发展用户,
U00000525,女,38,,否,高价值沉睡用户,
U00000526,男,62,,否,高价值沉睡用户,
U00000527,女,53,,是,潜力发展用户,
U00000528,女,56,,是,潜力发展用户,
U00000529,女,23,,否,潜力发展用户,
U00000530,女,31,,否,潜力发展用户,
U00000531,女,19,,是,潜力发展用户,
U00000532,男,36,,否,潜力发展用户,
U00000533,男,26,,否,核心价值用户,
U00000534,女,60,,是,潜力发展用户,
U00000535,男,50,,否,核心价值用户,
U00000536,男,46,,是,潜力发展用户,
U00000537,女,46,,否,潜力发展用户,
U00000538,女,23,,否,核心价值用户,
U00000539,女,52,,是,核心价值用户,
U00000540,女,53,,否,潜力发展用户,
U00000541,女,42,,是,核心价值用户,
U00000542,女,33,,否,高价值沉睡用户,
U00000543,女,25,,是,潜力发展用户,
U00000544,男,48,,是,高价值沉睡用户,
U00000545,女,19,,否,高价值沉睡用户,
U00000546,女,48,,是,高价值沉睡用户,
U00000547,女,47,,是,核心价值用户,
U00000548,女,28,,是,高价值沉睡用户,
U00000549,女,61,,否,核心价值用户,
U00000550,女,35,,是,潜力发展用户,
U00000551,男,18,,是,潜力发展用户,
U00000552,男,23,,否,潜力发展用户,
U00000553,男,63,,否,核心价值用户,
U00000554,男,50,,否,潜力发展用户,
U00000555,男,45,,否,低价值/流失用户,
U00000556,女,48,,否,潜力发展用户,
U00000557,女,54,,是,潜力发展用户,
U00000558,女,37,,否,低价值/流失用户,
U00000559,女,49,,否,核心价值用户,
U00000560,女,24,,否,核心价值用户,
U00000561,女,18,,否,高价值沉睡用户,
U00000562,女,32,,否,高价值沉睡用户,
U00000563,女,46,,是,核心价值用户,
U00000564,男,44,,否,潜力发展用户,
U00000565,女,18,,是,核心价值用户,
U00000566,女,29,,是,潜力发展用户,
U00000567,男,33,,是,潜力发展用户,
U00000568,女,30,,是,高价值沉睡用户,
U00000569,女,53,,是,潜力发展用户,
U00000570,男,34,,是,潜力发展用户,
U00000571,男,55,,否,核心价值用户,
U00000572,女,30,,否,潜力发展用户,
U00000573,女,58,,否,核心价值用户,
U00000574,女,62,,是,核心价值用户,
U00000575,男,24,,否,潜力发展用户,
U00000576,女,27,,否,潜力发展用户,
U00000577,男,34,,是,潜力发展用户,
U00000578,男,33,,否,高价值沉睡用户,
U00000579,女,31,,否,高价值沉睡用户,
U00000580,女,39,,是,核心价值用户,
U00000581,女,58,,否,高价值沉睡用户,
U00000582,女,60,,是,低价值/流失用户,
U00000583,女,65,,否,核心价值用户,
U00000584,女,32,,否,潜力发展用户,
U00000585,女,56,,否,高价值沉睡用户,
U00000586,女,30,,是,高价值沉睡用户,
U00000587,女,44,,是,潜力发展用户,
U00000588,男,64,,否,潜力发展用户,
U00000589,女,34,,否,核心价值用户,
U00000590,男,54,,否,潜力发展用户,
U00000591,男,55,,是,潜力发展用户,
U00000592,男,51,,是,潜力发展用户,
U00000593,女,19,,否,核心价值用户,
U00000594,女,21,,否,核心价值用户,
U00000595,女,36,,是,潜力发展用户,
U00000596,女,65,,否,核心价值用户,
U00000597,女,64,,否,潜力发展用户,
U00000598,女,21,,是,潜力发展用户,
U00000599,女,59,,否,潜力发展用户,
U00000600,女,53,,否,高价值沉睡用户,
U00000601,男,50,,是,高价值沉睡用户,
U00000602,女,20,,否,核心价值用户,
U00000603,女,55,,是,高价值沉睡用户,
U00000604,男,22,,是,高价值沉睡用户,
U00000605,女,49,,否,潜力发展用户,
U00000606,女,26,,是,高价值沉睡用户,
U00000607,男,44,,否,高价值沉睡用户,
U00000608,男,42,,是,低价值/流失用户,
U00000609,女,58,,否,潜力发展用户,
U00000610,女,53,,是,低价值/流失用户,
U00000611,男,34,,否,高价值沉睡用户,
U00000612,女,60,,否,核心价值用户,
U00000613,女,51,,否,核心价值用户,
U00000614,男,26,,否,高价值沉睡用户,
U00000615,女,63,,是,潜力发展用户,
U00000616,女,22,,是,高价值沉睡用户,
U00000617,女,25,,是,潜力发展用户,
U00000618,女,32,,是,潜力发展用户,
U00000619,女,41,,是,潜力发展用户,
U00000620,男,30,,是,低价值/流失用户,
U00000621,女,42,,是,低价值/流失用户,
U00000622,男,56,,否,潜力发展用户,
U00000623,女,58,,是,核心价值用户,
U00000624,女,26,,否,低价值/流失用户,
U00000625,女,59,,是,高价值沉睡用户,
U00000626,女,18,,是,潜力发展用户,
U00000627,女,53,,是,潜力发展用户,
U00000628,女,30,,否,高价值沉睡用户,
U00000629,女,65,,是,潜力发展用户,
U00000630,女,18,,否,高价值沉睡用户,
U00000631,男,56,,否,潜力发展用户,
U00000632,男,45,,是,高价值沉睡用户,
U00000633,男,22,,是,潜力发展用户,
U00000634,女,33,,是,低价值/流失用户,
U00000635,男,54,,是,潜力发展用户,
U00000636,女,51,,是,潜力发展用户,
U00000637,女,30,,否,高价值沉睡用户,
U00000638,女,53,,否,核心价值用户,
U00000639,女,63,,否,潜力发展用户,
U00000640,男,40,,是,核心价值用户,
U00000641,女,31,,是,潜力发展用户,
U00000642,女,54,,否,核心价值用户,
U00000643,女,64,,是,高价值沉睡用户,
U00000644,女,37,,是,高价值沉睡用户,
U00000645,女,60,,是,高价值沉睡用户,
U00000646,男,45,,是,潜力发展用户,
U00000647,女,37,,是,低价值/流失用户,
U00000648,男,54,,否,核心价值用户,
U00000649,女,39,,否,潜力发展用户,
U00000650,女,42,,否,高价值沉睡用户,
U00000651,女,44,,否,核心价值用户,
U00000652,男,52,,否,潜力发展用户,
U00000653,女,51,,否,潜力发展用户,
U00000654,女,20,,是,潜力发展用户,
U00000655,女,62,,否,高价值沉睡用户,
U00000656,女,37,,是,潜力发展用户,
U00000657,女,50,,否,潜力发展用户,
U00000658,女,52,,否,高价值沉睡用户,
U00000659,女,58,,否,核心价值用户,
U00000660,女,37,,否,高价值沉睡用户,
U00000661,女,29,,是,高价值沉睡用户,
U00000662,女,24,,是,高价值沉睡用户,
U00000663,女,31,,否,潜力发展用户,
U00000664,女,33,,否,潜力发展用户,
U00000665,女,48,,否,高价值沉睡用户,
U00000666,女,56,,否,潜力发展用户,
U00000667,女,56,,是,潜力发展用户,
U00000668,男,60,,否,潜力发展用户,
U00000669,女,53,,是,高价值沉睡用户,
U00000670,女,57,,是,潜力发展用户,
U00000671,男,23,,是,高价值沉睡用户,
U00000672,女,58,,否,高价值沉睡用户,
U00000673,女,54,,否,潜力发展用户,
U00000674,女,35,,否,潜力发展用户,
U00000675,女,58,,否,潜力发展用户,
U00000676,男,60,,是,潜力发展用户,
U00000677,女,65,,是,潜力发展用户,
U00000678,女,34,,否,高价值沉睡用户,
U00000679,女,53,,是,潜力发展用户,
U00000680,女,61,,否,潜力发展用户,
U00000681,女,30,,是,核心价值用户,
U00000682,女,50,,否,高价值沉睡用户,
U00000683,男,22,,否,高价值沉睡用户,
U00000684,女,33,,是,核心价值用户,
U00000685,男,50,,否,高价值沉睡用户,
U00000686,女,63,,否,核心价值用户,
U00000687,男,41,,否,潜力发展用户,
U00000688,女,64,,是,潜力发展用户,
U00000689,女,64,,否,高价值沉睡用户,
U00000690,女,64,,是,核心价值用户,
U00000691,女,39,,否,潜力发展用户,
U00000692,女,41,,是,潜力发展用户,
U00000693,女,36,,否,低价值/流失用户,
U00000694,女,34,,是,潜力发展用户,
U00000695,女,54,,是,核心价值用户,
U00000696,男,37,,否,高价值沉睡用户,
U00000697,男,37,,否,潜力发展用户,
U00000698,女,26,,否,潜力发展用户,
U00000699,女,29,,是,核心价值用户,
U00000700,女,35,,否,潜力发展用户,
U00000701,女,58,,否,潜力发展用户,
U00000702,女,59,,是,核心价值用户,
U00000703,女,43,,否,潜力发展用户,
U00000704,女,46,,否,潜力发展用户,
U00000705,女,52,,否,核心价值用户,
U00000706,男,19,,否,潜力发展用户,
U00000707,男,32,,否,核心价值用户,
U00000708,女,26,,是,核心价值用户,
U00000709,男,43,,是,潜力发展用户,
U00000710,男,63,,是,潜力发展用户,
U00000711,女,57,,否,潜力发展用户,
U00000712,男,32,,否,核心价值用户,
U00000713,男,20,,否,低价值/流失用户,
U00000714,女,41,,是,核心价值用户,
U00000715,女,25,,是,高价值沉睡用户,
U00000716,男,64,,否,潜力发展用户,
U00000717,女,40,,否,核心价值用户,
U00000718,女,44,,否,核心价值用户,
U00000719,女,29,,否,核心价值用户,
U00000720,男,35,,否,核心价值用户,
U00000721,男,52,,是,低价值/流失用户,
U00000722,男,20,,是,核心价值用户,
U00000723,男,46,,是,低价值/流失用户,
U00000724,女,54,,是,潜力发展用户,
U00000725,男,42,,否,高价值沉睡用户,
U00000726,女,34,,否,潜力发展用户,
U00000727,女,57,,否,潜力发展用户,
U00000728,男,41,,否,潜力发展用户,
U00000729,女,26,,是,高价值沉睡用户,
U00000730,女,25,,是,核心价值用户,
U00000731,女,65,,是,高价值沉睡用户,
U00000732,女,21,,否,潜力发展用户,
U00000733,女,38,,否,潜力发展用户,
U00000734,女,35,,否,核心价值用户,
U00000735,女,35,,是,潜力发展用户,
U00000736,女,33,,否,核心价值用户,
U00000737,女,49,,是,核心价值用户,
U00000738,女,18,,否,高价值沉睡用户,
U00000739,男,39,,否,核心价值用户,
U00000740,女,60,,否,核心价值用户,
U00000741,女,57,,否,高价值沉睡用户,
U00000742,女,33,,是,核心价值用户,
U00000743,男,22,,否,核心价值用户,
U00000744,女,63,,否,核心价值用户,
U00000745,女,27,,否,潜力发展用户,
U00000746,女,29,,否,高价值沉睡用户,
U00000747,男,64,,是,低价值/流失用户,
U00000748,女,37,,否,高价值沉睡用户,
U00000749,女,45,,是,潜力发展用户,
U00000750,女,33,,是,核心价值用户,
U00000751,男,41,,否,高价值沉睡用户,
U00000752,男,23,,是,潜力发展用户,
U00000753,男,54,,否,潜力发展用户,
U00000754,男,28,,否,潜力发展用户,
U00000755,男,22,,是,低价值/流失用户,
U00000756,男,42,,是,潜力发展用户,
U00000757,女,61,,否,核心价值用户,
U00000758,女,43,,否,潜力发展用户,
U00000759,女,19,,是,核心价值用户,
U00000760,女,58,,否,高价值沉睡用户,
U00000761,女,34,,否,潜力发展用户,
U00000762,女,29,,是,核心价值用户,
U00000763,女,48,,否,潜力发展用户,
U00000764,男,44,,否,潜力发展用户,
U00000765,女,33,,否,潜力发展用户,
U00000766,女,26,,是,核心价值用户,
U00000767,女,60,,否,低价值/流失用户,
U00000768,女,37,,否,潜力发展用户,
U00000769,男,63,,是,高价值沉睡用户,
U00000770,女,55,,否,核心价值用户,
U00000771,女,49,,否,核心价值用户,
U00000772,男,29,,否,高价值沉睡用户,
U00000773,男,60,,否,核心价值用户,
U00000774,女,30,,否,核心价值用户,
U00000775,女,37,,否,高价值沉睡用户,
U00000776,女,40,,是,高价值沉睡用户,
U00000777,男,53,,否,低价值/流失用户,
U00000778,男,41,,否,高价值沉睡用户,
U00000779,女,42,,是,高价值沉睡用户,
U00000780,女,61,,否,潜力发展用户,
U00000781,男,28,,是,高价值沉睡用户,
U00000782,女,42,,否,潜力发展用户,
U00000783,男,58,,否,高价值沉睡用户,
U00000784,男,19,,否,高价值沉睡用户,
U00000785,女,47,,是,高价值沉睡用户,
U00000786,男,64,,是,潜力发展用户,
U00000787,女,63,,是,核心价值用户,
U00000788,女,45,,否,高价值沉睡用户,
U00000789,女,28,,否,低价值/流失用户,
U00000790,女,41,,否,潜力发展用户,
U00000791,女,39,,否,潜力发展用户,
U00000792,女,59,,是,高价值沉睡用户,
U00000793,女,44,,否,潜力发展用户,
U00000794,女,54,,否,高价值沉睡用户,
U00000795,女,46,,是,核心价值用户,
U00000796,女,36,,是,高价值沉睡用户,
U00000797,男,28,,否,高价值沉睡用户,
U00000798,女,22,,否,低价值/流失用户,
U00000799,男,59,,否,潜力发展用户,
U00000800,女,18,,是,潜力发展用户,
U00000801,男,60,,否,核心价值用户,
U00000802,女,31,,否,低价值/流失用户,
U00000803,女,22,,是,潜力发展用户,
U00000804,女,20,,否,潜力发展用户,
U00000805,女,35,,否,核心价值用户,
U00000806,女,34,,是,核心价值用户,
U00000807,男,61,,是,潜力发展用户,
U00000808,女,26,,是,潜力发展用户,
U00000809,女,25,,是,潜力发展用户,
U00000810,女,27,,是,核心价值用户,
U00000811,女,24,,否,核心价值用户,
U00000812,女,35,,否,低价值/流失用户,
U00000813,女,35,,否,潜力发展用户,
U00000814,女,25,,否,低价值/流失用户,
U00000815,女,21,,是,核心价值用户,
U00000816,女,62,,是,高价值沉睡用户,
U00000817,女,65,,是,潜力发展用户,
U00000818,女,43,,否,高价值沉睡用户,
U00000819,男,39,,是,潜力发展用户,
U00000820,女,27,,是,潜力发展用户,
U00000821,女,43,,否,潜力发展用户,
U00000822,女,27,,否,潜力发展用户,
U00000823,女,47,,是,高价值沉睡用户,
U00000824,男,64,,是,核心价值用户,
U00000825,女,50,,否,核心价值用户,
U00000826,女,44,,是,高价值沉睡用户,
U00000827,女,47,,否,高价值沉睡用户,
U00000828,女,19,,是,高价值沉睡用户,
U00000829,女,34,,是,潜力发展用户,
U00000830,女,29,,是,低价值/流失用户,
U00000831,女,45,,否,核心价值用户,
U00000832,女,62,,否,潜力发展用户,
U00000833,女,36,,否,潜力发展用户,
U00000834,女,53,,是,核心价值用户,
U00000835,女,54,,否,潜力发展用户,
U00000836,女,18,,否,潜力发展用户,
U00000837,女,41,,否,潜力发展用户,
U00000838,女,19,,否,低价值/流失用户,
U00000839,女,62,,是,潜力发展用户,
U00000840,女,50,,否,核心价值用户,
U00000841,男,58,,否,潜力发展用户,
U00000842,男,64,,是,核心价值用户,
U00000843,女,53,,是,高价值沉睡用户,
U00000844,女,51,,是,核心价值用户,
U00000845,男,39,,否,潜力发展用户,
U00000846,女,36,,否,高价值沉睡用户,
U00000847,女,28,,否,低价值/流失用户,
U00000848,女,20,,否,核心价值用户,
U00000849,女,47,,否,核心价值用户,
U00000850,女,42,,否,低价值/流失用户,
U00000851,女,48,,否,潜力发展用户,
U00000852,男,53,,是,潜力发展用户,
U00000853,男,30,,是,核心价值用户,
U00000854,女,55,,否,潜力发展用户,
U00000855,男,45,,否,核心价值用户,
U00000856,女,43,,否,高价值沉睡用户,
U00000857,男,55,,否,高价值沉睡用户,
U00000858,女,40,,否,核心价值用户,
U00000859,女,18,,否,核心价值用户,
U00000860,男,27,,否,核心价值用户,
U00000861,女,20,,是,高价值沉睡用户,
U00000862,女,56,,是,潜力发展用户,
U00000863,女,23,,否,核心价值用户,
U00000864,男,65,,否,潜力发展用户,
U00000865,男,42,,是,潜力发展用户,
U00000866,女,35,,否,低价值/流失用户,
U00000867,男,32,,否,核心价值用户,
U00000868,女,32,,否,核心价值用户,
U00000869,男,26,,否,核心价值用户,
U00000870,女,60,,是,低价值/流失用户,
U00000871,女,54,,否,核心价值用户,
U00000872,女,51,,否,潜力发展用户,
U00000873,女,50,,否,潜力发展用户,
U00000874,女,54,,否,核心价值用户,
U00000875,男,53,,否,高价值沉睡用户,
U00000876,女,50,,否,低价值/流失用户,
U00000877,女,36,,是,低价值/流失用户,
U00000878,女,28,,否,潜力发展用户,
U00000879,男,41,,是,核心价值用户,
U00000880,女,33,,否,高价值沉睡用户,
U00000881,男,18,,是,高价值沉睡用户,
U00000882,女,51,,否,核心价值用户,
U00000883,女,28,,是,核心价值用户,
U00000884,男,42,,否,核心价值用户,
U00000885,男,54,,否,潜力发展用户,
U00000886,女,22,,是,核心价值用户,
U00000887,男,46,,是,潜力发展用户,
U00000888,女,33,,否,核心价值用户,
U00000889,女,40,,否,低价值/流失用户,
U00000890,女,36,,否,核心价值用户,
U00000891,女,51,,是,核心价值用户,
U00000892,女,45,,否,潜力发展用户,
U00000893,女,53,,否,核心价值用户,
U00000894,女,37,,否,潜力发展用户,
U00000895,女,35,,否,潜力发展用户,
U00000896,女,51,,否,核心价值用户,
U00000897,女,21,,是,高价值沉睡用户,
U00000898,女,52,,是,低价值/流失用户,
U00000899,男,53,,是,潜力发展用户,
U00000900,女,40,,是,核心价值用户,
U00000901,男,53,,否,高价值沉睡用户,
U00000902,女,63,,否,潜力发展用户,
U00000903,男,58,,否,低价值/流失用户,
U00000904,女,19,,否,潜力发展用户,
U00000905,女,26,,否,低价值/流失用户,
U00000906,女,50,,是,核心价值用户,
U00000907,女,53,,是,核心价值用户,
U00000908,女,62,,否,低价值/流失用户,
U00000909,女,49,,否,核心价值用户,
U00000910,男,38,,否,潜力发展用户,
U00000911,女,29,,是,潜力发展用户,
U00000912,男,24,,否,核心价值用户,
U00000913,女,35,,是,核心价值用户,
U00000914,女,52,,否,潜力发展用户,
U00000915,女,57,,否,核心价值用户,
U00000916,男,45,,是,潜力发展用户,
U00000917,女,62,,否,核心价值用户,
U00000918,男,47,,否,低价值/流失用户,
U00000919,女,49,,是,潜力发展用户,
U00000920,女,23,,否,潜力发展用户,
U00000921,女,47,,否,潜力发展用户,
U00000922,女,50,,否,潜力发展用户,
U00000923,男,24,,否,潜力发展用户,
U00000924,女,55,,否,核心价值用户,
U00000925,女,54,,是,潜力发展用户,
U00000926,男,61,,是,潜力发展用户,
U00000927,女,45,,否,核心价值用户,
U00000928,男,28,,是,潜力发展用户,
U00000929,女,32,,否,高价值沉睡用户,
U00000930,男,45,,是,高价值沉睡用户,
U00000931,女,40,,是,潜力发展用户,
U00000932,男,26,,否,潜力发展用户,
U00000933,女,40,,否,核心价值用户,
U00000934,女,59,,否,核心价值用户,
U00000935,女,28,,否,核心价值用户,
U00000936,女,34,,否,核心价值用户,
U00000937,男,55,,是,高价值沉睡用户,
U00000938,女,42,,是,核心价值用户,
U00000939,女,54,,否,潜力发展用户,
U00000940,男,28,,否,核心价值用户,
U00000941,女,28,,是,核心价值用户,
U00000942,女,57,,是,核心价值用户,
U00000943,男,24,,是,低价值/流失用户,
U00000944,男,25,,否,潜力发展用户,
U00000945,女,59,,是,潜力发展用户,
U00000946,女,51,,否,低价值/流失用户,
U00000947,男,22,,否,潜力发展用户,
U00000948,女,50,,否,潜力发展用户,
U00000949,女,49,,是,核心价值用户,
U00000950,女,40,,是,低价值/流失用户,
U00000951,女,41,,否,高价值沉睡用户,
U00000952,女,48,,否,核心价值用户,
U00000953,女,59,,是,潜力发展用户,
U00000954,女,40,,是,核心价值用户,
U00000955,女,29,,是,高价值沉睡用户,
U00000956,女,20,,否,高价值沉睡用户,
U00000957,女,63,,否,核心价值用户,
U00000958,女,46,,否,核心价值用户,
U00000959,女,21,,否,高价值沉睡用户,
U00000960,女,27,,否,核心价值用户,
U00000961,女,22,,否,核心价值用户,
U00000962,女,42,,否,潜力发展用户,
U00000963,女,60,,否,高价值沉睡用户,
U00000964,男,47,,是,核心价值用户,
U00000965,女,40,,是,高价值沉睡用户,
U00000966,女,55,,否,核心价值用户,
U00000967,女,55,,否,高价值沉睡用户,
U00000968,女,29,,是,潜力发展用户,
U00000969,男,44,,否,潜力发展用户,
U00000970,女,61,,否,高价值沉睡用户,
U00000971,女,18,,否,高价值沉睡用户,
U00000972,女,59,,否,高价值沉睡用户,
U00000973,女,46,,否,核心价值用户,
U00000974,女,50,,否,高价值沉睡用户,
U00000975,男,19,,是,高价值沉睡用户,
U00000976,男,56,,否,高价值沉睡用户,
U00000977,女,30,,否,核心价值用户,
U00000978,女,21,,否,潜力发展用户,
U00000979,女,22,,否,潜力发展用户,
U00000980,女,25,,否,高价值沉睡用户,
U00000981,男,38,,是,高价值沉睡用户,
U00000982,男,54,,是,潜力发展用户,
U00000983,男,31,,是,低价值/流失用户,
U00000984,女,23,,否,潜力发展用户,
U00000985,男,22,,否,潜力发展用户,
U00000986,女,59,,是,高价值沉睡用户,
U00000987,女,37,,否,高价值沉睡用户,
U00000988,女,37,,是,潜力发展用户,
U00000989,女,18,,否,核心价值用户,
U00000990,男,64,,是,核心价值用户,
U00000991,男,22,,否,高价值沉睡用户,
U00000992,男,65,,否,高价值沉睡用户,
U00000993,男,59,,是,潜力发展用户,
U00000994,女,27,,否,核心价值用户,
U00000995,女,54,,否,低价值/流失用户,
U00000996,女,27,,否,潜力发展用户,
U00000997,女,49,,是,核心价值用户,
U00000998,女,61,,是,核心价值用户,
U00000999,男,45,,是,高价值沉睡用户,
U00001000,女,23,,是,潜力发展用户,
U00001001,女,29,,是,低价值/流失用户,
U00001002,女,26,,是,低价值/流失用户,
U00001003,女,39,,否,潜力发展用户,
U00001004,女,47,,是,核心价值用户,
U00001005,男,39,,否,高价值沉睡用户,
U00001006,女,37,,否,潜力发展用户,
U00001007,女,53,,否,潜力发展用户,
U00001008,女,23,,否,潜力发展用户,
U00001009,女,31,,是,潜力发展用户,
U00001010,女,62,,否,核心价值用户,
U00001011,男,27,,否,低价值/流失用户,
U00001012,女,47,,是,高价值沉睡用户,
U00001013,女,23,,是,潜力发展用户,
U00001014,女,60,,否,高价值沉睡用户,
U00001015,男,25,,否,潜力发展用户,
U00001016,女,65,,是,高价值沉睡用户,
U00001017,女,38,,是,低价值/流失用户,
U00001018,女,45,,否,潜力发展用户,
U00001019,男,56,,是,核心价值用户,
U00001020,男,63,,是,核心价值用户,
U00001021,女,40,,否,潜力发展用户,
U00001022,女,64,,否,潜力发展用户,
U00001023,女,27,,否,核心价值用户,
U00001024,女,34,,否,高价值沉睡用户,
U00001025,女,49,,是,核心价值用户,
U00001026,女,52,,是,潜力发展用户,
U00001027,女,28,,否,核心价值用户,
U00001028,男,65,,是,高价值沉睡用户,
U00001029,女,64,,否,高价值沉睡用户,
U00001030,女,40,,否,核心价值用户,
U00001031,女,38,,否,潜力发展用户,
U00001032,女,26,,否,核心价值用户,
U00001033,女,19,,是,高价值沉睡用户,
U00001034,男,58,,否,低价值/流失用户,
U00001035,男,35,,是,核心价值用户,
U00001036,女,44,,是,潜力发展用户,
U00001037,女,45,,否,高价值沉睡用户,
U00001038,男,44,,否,核心价值用户,
U00001039,女,59,,否,低价值/流失用户,
U00001040,女,65,,否,核心价值用户,
U00001041,女,47,,是,高价值沉睡用户,
U00001042,男,45,,是,核心价值用户,
U00001043,女,26,,是,潜力发展用户,
U00001044,女,53,,是,潜力发展用户,
U00001045,女,65,,是,潜力发展用户,
U00001046,女,29,,否,核心价值用户,
U00001047,女,21,,否,潜力发展用户,
U00001048,男,32,,否,高价值沉睡用户,
U00001049,男,40,,否,潜力发展用户,
U00001050,女,24,,否,核心价值用户,
U00001051,男,26,,否,核心价值用户,
U00001052,女,59,,是,潜力发展用户,
U00001053,女,37,,否,核心价值用户,
U00001054,女,25,,是,高价值沉睡用户,
U00001055,女,55,,否,核心价值用户,
U00001056,女,61,,否,低价值/流失用户,
U00001057,女,25,,是,高价值沉睡用户,
U00001058,女,26,,否,高价值沉睡用户,
U00001059,男,57,,否,核心价值用户,
U00001060,男,28,,是,高价值沉睡用户,
U00001061,女,38,,是,核心价值用户,
U00001062,女,52,,否,高价值沉睡用户,
U00001063,男,30,,是,潜力发展用户,
U00001064,女,24,,否,潜力发展用户,
U00001065,女,30,,否,核心价值用户,
U00001066,女,45,,是,低价值/流失用户,
U00001067,女,58,,否,高价值沉睡用户,
U00001068,女,31,,是,高价值沉睡用户,
U00001069,女,37,,否,高价值沉睡用户,
U00001070,女,23,,是,核心价值用户,
U00001071,女,39,,否,核心价值用户,
U00001072,女,29,,否,核心价值用户,
U00001073,男,60,,否,潜力发展用户,
U00001074,女,47,,是,低价值/流失用户,
U00001075,男,37,,是,核心价值用户,
U00001076,女,29,,否,核心价值用户,
U00001077,男,33,,是,核心价值用户,
U00001078,女,35,,否,核心价值用户,
U00001079,男,18,,否,潜力发展用户,
U00001080,男,27,,是,高价值沉睡用户,
U00001081,女,58,,是,核心价值用户,
U00001082,女,39,,否,核心价值用户,
U00001083,女,49,,是,核心价值用户,
U00001084,女,42,,否,核心价值用户,
U00001085,女,31,,否,潜力发展用户,
U00001086,女,34,,否,核心价值用户,
U00001087,男,40,,是,低价值/流失用户,
U00001088,女,40,,否,潜力发展用户,
U00001089,男,60,,否,高价值沉睡用户,
U00001090,女,46,,是,高价值沉睡用户,
U00001091,女,34,,否,高价值沉睡用户,
U00001092,女,56,,否,低价值/流失用户,
U00001093,女,60,,否,核心价值用户,
U00001094,女,64,,否,低价值/流失用户,
U00001095,女,57,,否,潜力发展用户,
U00001096,女,62,,是,潜力发展用户,
U00001097,女,60,,否,潜力发展用户,
U00001098,男,42,,是,核心价值用户,
U00001099,女,34,,是,高价值沉睡用户,
U00001100,女,62,,否,高价值沉睡用户,
U00001101,男,37,,是,高价值沉睡用户,
U00001102,女,34,,否,低价值/流失用户,
U00001103,女,55,,是,潜力发展用户,
U00001104,女,32,,否,核心价值用户,
U00001105,男,33,,否,高价值沉睡用户,
U00001106,女,47,,否,核心价值用户,
U00001107,女,40,,否,低价值/流失用户,
U00001108,男,27,,否,高价值沉睡用户,
U00001109,女,32,,否,核心价值用户,
U00001110,女,58,,是,核心价值用户,
U00001111,女,63,,是,潜力发展用户,
U00001112,男,40,,否,潜力发展用户,
U00001113,男,18,,否,核心价值用户,
U00001114,女,57,,否,核心价值用户,
U00001115,男,47,,是,潜力发展用户,
U00001116,女,60,,是,潜力发展用户,
U00001117,女,39,,是,核心价值用户,
U00001118,女,58,,否,低价值/流失用户,
U00001119,女,64,,否,低价值/流失用户,
U00001120,女,40,,否,高价值沉睡用户,
U00001121,女,53,,否,潜力发展用户,
U00001122,男,34,,是,低价值/流失用户,
U00001123,男,65,,否,核心价值用户,
U00001124,女,55,,否,高价值沉睡用户,
U00001125,男,34,,否,低价值/流失用户,
U00001126,男,62,,否,低价值/流失用户,
U00001127,男,46,,否,潜力发展用户,
U00001128,女,41,,否,高价值沉睡用户,
U00001129,女,23,,是,潜力发展用户,
U00001130,女,22,,否,高价值沉睡用户,
U00001131,女,31,,否,核心价值用户,
U00001132,女,49,,是,潜力发展用户,
U00001133,女,30,,否,高价值沉睡用户,
U00001134,男,29,,是,高价值沉睡用户,
U00001135,女,25,,否,低价值/流失用户,
U00001136,女,57,,否,潜力发展用户,
U00001137,女,32,,否,核心价值用户,
U00001138,女,32,,否,低价值/流失用户,
U00001139,男,64,,否,潜力发展用户,
U00001140,女,58,,是,潜力发展用户,
U00001141,女,35,,是,潜力发展用户,
U00001142,男,49,,否,潜力发展用户,
U00001143,女,59,,是,高价值沉睡用户,
U00001144,女,24,,否,核心价值用户,
U00001145,女,41,,否,核心价值用户,
U00001146,男,18,,是,高价值沉睡用户,
U00001147,男,25,,是,核心价值用户,
U00001148,男,40,,否,低价值/流失用户,
U00001149,女,59,,否,核心价值用户,
U00001150,女,39,,否,低价值/流失用户,
U00001151,女,42,,是,高价值沉睡用户,
U00001152,男,48,,否,核心价值用户,
U00001153,男,45,,否,高价值沉睡用户,
U00001154,女,25,,否,核心价值用户,
U00001155,女,61,,否,低价值/流失用户,
U00001156,女,33,,是,核心价值用户,
U00001157,女,63,,是,高价值沉睡用户,
U00001158,男,28,,否,低价值/流失用户,
U00001159,女,47,,是,潜力发展用户,
U00001160,女,47,,否,高价值沉睡用户,
U00001161,男,30,,否,低价值/流失用户,
U00001162,女,39,,否,核心价值用户,
U00001163,女,48,,否,潜力发展用户,
U00001164,男,44,,否,高价值沉睡用户,
U00001165,女,30,,否,潜力发展用户,
U00001166,女,58,,是,核心价值用户,
U00001167,女,61,,否,高价值沉睡用户,
U00001168,女,26,,否,潜力发展用户,
U00001169,女,25,,否,核心价值用户,
U00001170,女,63,,否,核心价值用户,
U00001171,女,42,,否,潜力发展用户,
U00001172,男,31,,否,核心价值用户,
U00001173,男,29,,是,高价值沉睡用户,
U00001174,女,28,,是,核心价值用户,
U00001175,女,22,,否,潜力发展用户,
U00001176,男,45,,否,潜力发展用户,
U00001177,女,42,,是,潜力发展用户,
U00001178,女,23,,是,核心价值用户,
U00001179,男,57,,是,潜力发展用户,
U00001180,女,62,,否,潜力发展用户,
U00001181,男,30,,否,核心价值用户,
U00001182,女,18,,否,潜力发展用户,
U00001183,女,65,,否,高价值沉睡用户,
U00001184,男,57,,否,潜力发展用户,
U00001185,女,48,,否,高价值沉睡用户,
U00001186,男,40,,否,核心价值用户,
U00001187,男,65,,否,高价值沉睡用户,
U00001188,男,29,,否,核心价值用户,
U00001189,女,63,,否,核心价值用户,
U00001190,女,30,,否,潜力发展用户,
U00001191,女,43,,否,低价值/流失用户,
U00001192,女,35,,否,高价值沉睡用户,
U00001193,女,42,,否,核心价值用户,
U00001194,女,36,,否,低价值/流失用户,
U00001195,男,51,,否,潜力发展用户,
U00001196,女,34,,是,核心价值用户,
U00001197,男,56,,是,核心价值用户,
U00001198,女,24,,否,核心价值用户,
U00001199,女,47,,否,核心价值用户,
U00001200,男,24,,否,潜力发展用户,
U00001201,男,37,,否,高价值沉睡用户,
U00001202,女,43,,是,低价值/流失用户,
U00001203,女,35,,否,核心价值用户,
U00001204,男,53,,否,低价值/流失用户,
U00001205,男,45,,否,高价值沉睡用户,
U00001206,女,19,,否,低价值/流失用户,
U00001207,女,34,,是,高价值沉睡用户,
U00001208,女,60,,否,潜力发展用户,
U00001209,女,25,,否,潜力发展用户,
U00001210,男,63,,是,高价值沉睡用户,
U00001211,女,23,,是,高价值沉睡用户,
U00001212,女,18,,否,潜力发展用户,
U00001213,女,41,,是,核心价值用户,
U00001214,男,35,,是,核心价值用户,
U00001215,女,50,,否,低价值/流失用户,
U00001216,男,43,,否,潜力发展用户,
U00001217,男,62,,否,高价值沉睡用户,
U00001218,女,35,,否,核心价值用户,
U00001219,女,40,,否,低价值/流失用户,
U00001220,女,37,,否,核心价值用户,
U00001221,女,63,,是,低价值/流失用户,
U00001222,女,22,,是,潜力发展用户,
U00001223,男,29,,否,潜力发展用户,
U00001224,男,60,,是,核心价值用户,
U00001225,女,24,,否,核心价值用户,
U00001226,女,22,,是,潜力发展用户,
U00001227,女,52,,是,核心价值用户,
U00001228,男,42,,是,潜力发展用户,
U00001229,女,42,,是,核心价值用户,
U00001230,男,59,,否,核心价值用户,
U00001231,女,41,,否,核心价值用户,
U00001232,女,61,,否,核心价值用户,
U00001233,男,29,,否,核心价值用户,
U00001234,女,30,,是,低价值/流失用户,
U00001235,女,32,,否,高价值沉睡用户,
U00001236,女,37,,否,高价值沉睡用户,
U00001237,男,58,,是,核心价值用户,
U00001238,女,28,,否,高价值沉睡用户,
U00001239,男,64,,否,高价值沉睡用户,
U00001240,女,42,,否,低价值/流失用户,
U00001241,女,31,,是,潜力发展用户,
U00001242,女,56,,否,高价值沉睡用户,
U00001243,女,25,,否,潜力发展用户,
U00001244,女,29,,是,高价值沉睡用户,
U00001245,女,18,,否,高价值沉睡用户,
U00001246,女,31,,否,高价值沉睡用户,
U00001247,女,48,,否,潜力发展用户,
U00001248,女,35,,是,潜力发展用户,
U00001249,女,42,,是,核心价值用户,
U00001250,女,55,,是,核心价值用户,
U00001251,男,40,,否,潜力发展用户,
U00001252,女,49,,否,潜力发展用户,
U00001253,女,62,,否,核心价值用户,
U00001254,女,19,,否,潜力发展用户,
U00001255,女,46,,否,核心价值用户,
U00001256,男,55,,否,核心价值用户,
U00001257,男,47,,否,低价值/流失用户,
U00001258,男,19,,是,核心价值用户,
U00001259,女,65,,否,核心价值用户,
U00001260,女,44,,否,潜力发展用户,
U00001261,男,30,,否,潜力发展用户,
U00001262,男,21,,否,核心价值用户,
U00001263,女,65,,否,核心价值用户,
U00001264,女,45,,否,高价值沉睡用户,
U00001265,女,30,,否,核心价值用户,
U00001266,女,23,,是,潜力发展用户,
U00001267,女,25,,否,核心价值用户,
U00001268,男,42,,否,核心价值用户,
U00001269,男,32,,是,核心价值用户,
U00001270,女,46,,否,潜力发展用户,
U00001271,女,52,,是,潜力发展用户,
U00001272,女,51,,否,潜力发展用户,
U00001273,女,36,,否,核心价值用户,
U00001274,女,49,,否,高价值沉睡用户,
U00001275,男,24,,否,高价值沉睡用户,
U00001276,女,62,,否,核心价值用户,
U00001277,男,39,,否,核心价值用户,
U00001278,女,38,,否,潜力发展用户,
U00001279,女,25,,否,核心价值用户,
U00001280,女,62,,否,核心价值用户,
U00001281,女,32,,否,潜力发展用户,
U00001282,女,40,,是,核心价值用户,
U00001283,女,64,,是,核心价值用户,
U00001284,女,22,,否,高价值沉睡用户,
U00001285,女,60,,是,潜力发展用户,
U00001286,女,58,,否,高价值沉睡用户,
U00001287,女,43,,否,潜力发展用户,
U00001288,女,23,,否,核心价值用户,
U00001289,女,46,,否,核心价值用户,
U00001290,男,61,,否,潜力发展用户,
U00001291,男,49,,是,核心价值用户,
U00001292,女,46,,否,潜力发展用户,
U00001293,女,52,,否,高价值沉睡用户,
U00001294,女,25,,是,核心价值用户,
U00001295,女,61,,是,潜力发展用户,
U00001296,女,56,,是,低价值/流失用户,
U00001297,男,42,,否,潜力发展用户,
U00001298,女,22,,是,潜力发展用户,
U00001299,女,53,,否,低价值/流失用户,
U00001300,女,59,,否,核心价值用户,
U00001301,女,34,,是,高价值沉睡用户,
U00001302,男,32,,是,潜力发展用户,
U00001303,女,54,,否,核心价值用户,
U00001304,女,59,,否,潜力发展用户,
U00001305,女,30,,是,潜力发展用户,
U00001306,女,38,,是,潜力发展用户,
U00001307,女,24,,否,高价值沉睡用户,
U00001308,男,36,,否,核心价值用户,
U00001309,男,38,,是,核心价值用户,
U00001310,女,62,,否,潜力发展用户,
U00001311,女,28,,否,低价值/流失用户,
U00001312,女,33,,否,潜力发展用户,
U00001313,女,25,,是,低价值/流失用户,
U00001314,女,19,,否,高价值沉睡用户,
U00001315,女,29,,否,潜力发展用户,
U00001316,女,23,,是,高价值沉睡用户,
U00001317,女,55,,是,核心价值用户,
U00001318,男,28,,是,潜力发展用户,
U00001319,男,50,,否,低价值/流失用户,
U00001320,女,24,,是,高价值沉睡用户,
U00001321,女,45,,是,核心价值用户,
U00001322,女,52,,否,核心价值用户,
U00001323,男,59,,否,高价值沉睡用户,
U00001324,女,20,,是,核心价值用户,
U00001325,女,32,,否,潜力发展用户,
U00001326,女,29,,是,潜力发展用户,
U00001327,男,18,,是,核心价值用户,
U00001328,女,32,,是,核心价值用户,
U00001329,女,26,,否,核心价值用户,
U00001330,女,25,,否,潜力发展用户,
U00001331,女,26,,否,潜力发展用户,
U00001332,女,64,,是,高价值沉睡用户,
U00001333,女,51,,否,高价值沉睡用户,
U00001334,女,65,,是,低价值/流失用户,
U00001335,男,32,,否,核心价值用户,
U00001336,男,63,,否,潜力发展用户,
U00001337,女,52,,否,高价值沉睡用户,
U00001338,女,50,,是,高价值沉睡用户,
U00001339,男,64,,否,高价值沉睡用户,
U00001340,女,48,,否,核心价值用户,
U00001341,女,30,,否,核心价值用户,
U00001342,女,38,,否,高价值沉睡用户,
U00001343,女,33,,是,潜力发展用户,
U00001344,女,55,,是,高价值沉睡用户,
U00001345,女,64,,否,核心价值用户,
U00001346,女,19,,否,核心价值用户,
U00001347,女,19,,是,核心价值用户,
U00001348,女,34,,否,核心价值用户,
U00001349,女,49,,否,低价值/流失用户,
U00001350,女,44,,是,高价值沉睡用户,
U00001351,女,21,,是,核心价值用户,
U00001352,男,18,,否,潜力发展用户,
U00001353,男,21,,是,核心价值用户,
U00001354,女,41,,是,潜力发展用户,
U00001355,女,38,,否,潜力发展用户,
U00001356,男,20,,否,核心价值用户,
U00001357,女,35,,是,高价值沉睡用户,
U00001358,男,26,,否,潜力发展用户,
U00001359,男,60,,是,潜力发展用户,
U00001360,男,51,,是,潜力发展用户,
U00001361,男,20,,是,核心价值用户,
U00001362,女,42,,是,高价值沉睡用户,
U00001363,男,59,,是,核心价值用户,
U00001364,女,26,,是,低价值/流失用户,
U00001365,男,60,,是,潜力发展用户,
U00001366,女,29,,否,核心价值用户,
U00001367,女,43,,否,高价值沉睡用户,
U00001368,男,48,,是,核心价值用户,
U00001369,女,32,,否,高价值沉睡用户,
U00001370,女,57,,否,潜力发展用户,
U00001371,男,63,,否,潜力发展用户,
U00001372,男,51,,否,潜力发展用户,
U00001373,女,51,,是,核心价值用户,
U00001374,女,45,,否,高价值沉睡用户,
U00001375,女,53,,是,高价值沉睡用户,
U00001376,女,60,,是,高价值沉睡用户,
U00001377,女,39,,否,潜力发展用户,
U00001378,女,28,,否,潜力发展用户,
U00001379,女,58,,是,核心价值用户,
U00001380,女,28,,是,潜力发展用户,
U00001381,女,38,,是,低价值/流失用户,
U00001382,女,38,,是,核心价值用户,
U00001383,女,45,,否,潜力发展用户,
U00001384,女,57,,否,低价值/流失用户,
U00001385,男,29,,是,高价值沉睡用户,
U00001386,女,60,,否,核心价值用户,
U00001387,男,63,,否,潜力发展用户,
U00001388,女,36,,否,核心价值用户,
U00001389,女,22,,是,高价值沉睡用户,
U00001390,女,57,,否,高价值沉睡用户,
U00001391,女,26,,是,高价值沉睡用户,
U00001392,女,58,,否,高价值沉睡用户,
U00001393,女,58,,否,潜力发展用户,
U00001394,女,61,,否,核心价值用户,
U00001395,女,46,,否,潜力发展用户,
U00001396,男,54,,是,潜力发展用户,
U00001397,女,31,,否,潜力发展用户,
U00001398,男,20,,否,高价值沉睡用户,
U00001399,女,48,,否,潜力发展用户,
U00001400,女,25,,是,高价值沉睡用户,
U00001401,女,44,,否,高价值沉睡用户,
U00001402,女,31,,否,高价值沉睡用户,
U00001403,男,31,,否,潜力发展用户,
U00001404,男,55,,是,低价值/流失用户,
U00001405,女,63,,否,核心价值用户,
U00001406,女,56,,是,核心价值用户,
U00001407,女,24,,否,核心价值用户,
U00001408,女,41,,是,潜力发展用户,
U00001409,女,62,,是,高价值沉睡用户,
U00001410,女,44,,是,核心价值用户,
U00001411,女,27,,否,核心价值用户,
U00001412,女,42,,否,核心价值用户,
U00001413,男,34,,是,高价值沉睡用户,
U00001414,男,29,,否,潜力发展用户,
U00001415,男,62,,否,核心价值用户,
U00001416,女,28,,是,核心价值用户,
U00001417,男,44,,是,高价值沉睡用户,
U00001418,女,57,,否,高价值沉睡用户,
U00001419,女,42,,是,潜力发展用户,
U00001420,女,60,,否,高价值沉睡用户,
U00001421,女,54,,否,核心价值用户,
U00001422,女,39,,是,高价值沉睡用户,
U00001423,女,62,,否,核心价值用户,
U00001424,女,63,,是,低价值/流失用户,
U00001425,女,63,,是,低价值/流失用户,
U00001426,女,47,,是,低价值/流失用户,
U00001427,女,50,,是,高价值沉睡用户,
U00001428,男,31,,否,潜力发展用户,
U00001429,女,46,,是,潜力发展用户,
U00001430,女,24,,否,核心价值用户,
U00001431,女,53,,否,潜力发展用户,
U00001432,女,22,,否,潜力发展用户,
U00001433,女,18,,否,高价值沉睡用户,
U00001434,女,64,,否,高价值沉睡用户,
U00001435,男,21,,否,核心价值用户,
U00001436,女,57,,否,高价值沉睡用户,
U00001437,女,50,,否,核心价值用户,
U00001438,女,49,,否,潜力发展用户,
U00001439,女,56,,否,高价值沉睡用户,
U00001440,女,60,,否,高价值沉睡用户,
U00001441,女,62,,否,潜力发展用户,
U00001442,女,59,,否,潜力发展用户,
U00001443,女,63,,否,高价值沉睡用户,
U00001444,男,57,,是,低价值/流失用户,
U00001445,女,25,,否,高价值沉睡用户,
U00001446,男,49,,是,潜力发展用户,
U00001447,女,43,,否,核心价值用户,
U00001448,女,54,,否,核心价值用户,
U00001449,女,29,,否,潜力发展用户,
U00001450,女,37,,否,潜力发展用户,
U00001451,女,33,,是,潜力发展用户,
U00001452,女,62,,是,高价值沉睡用户,
U00001453,女,51,,否,高价值沉睡用户,
U00001454,女,63,,否,潜力发展用户,
U00001455,女,35,,是,潜力发展用户,
U00001456,女,29,,是,低价值/流失用户,
U00001457,男,38,,否,潜力发展用户,
U00001458,女,25,,是,核心价值用户,
U00001459,女,62,,否,高价值沉睡用户,
U00001460,女,41,,否,高价值沉睡用户,
U00001461,男,54,,否,高价值沉睡用户,
U00001462,女,56,,否,高价值沉睡用户,
U00001463,女,44,,是,低价值/流失用户,
U00001464,女,29,,否,核心价值用户,
U00001465,女,56,,是,核心价值用户,
U00001466,女,60,,否,核心价值用户,
U00001467,女,48,,否,核心价值用户,
U00001468,女,47,,否,核心价值用户,
U00001469,女,35,,否,核心价值用户,
U00001470,女,64,,是,高价值沉睡用户,
U00001471,女,43,,否,潜力发展用户,
U00001472,女,62,,是,高价值沉睡用户,
U00001473,女,65,,是,潜力发展用户,
U00001474,女,53,,否,低价值/流失用户,
U00001475,女,37,,否,潜力发展用户,
U00001476,女,60,,否,核心价值用户,
U00001477,女,50,,否,核心价值用户,
U00001478,女,41,,是,高价值沉睡用户,
U00001479,女,62,,是,高价值沉睡用户,
U00001480,女,24,,是,低价值/流失用户,
U00001481,男,50,,是,潜力发展用户,
U00001482,女,42,,否,潜力发展用户,
U00001483,女,29,,是,潜力发展用户,
U00001484,女,21,,否,高价值沉睡用户,
U00001485,女,34,,是,潜力发展用户,
U00001486,女,22,,是,低价值/流失用户,
U00001487,女,38,,是,低价值/流失用户,
U00001488,女,35,,是,潜力发展用户,
U00001489,男,19,,否,潜力发展用户,
U00001490,男,56,,是,核心价值用户,
U00001491,女,63,,否,潜力发展用户,
U00001492,女,19,,否,核心价值用户,
U00001493,女,45,,否,潜力发展用户,
U00001494,女,59,,否,核心价值用户,
U00001495,女,22,,否,高价值沉睡用户,
U00001496,男,35,,是,高价值沉睡用户,
U00001497,女,23,,否,高价值沉睡用户,
U00001498,女,55,,是,潜力发展用户,
U00001499,女,59,,否,低价值/流失用户,
U00001500,女,23,,否,核心价值用户,
U00001501,女,40,,否,潜力发展用户,
U00001502,女,57,,是,高价值沉睡用户,
U00001503,男,30,,否,核心价值用户,
U00001504,女,28,,是,核心价值用户,
U00001505,女,49,,否,低价值/流失用户,
U00001506,男,36,,是,潜力发展用户,
U00001507,女,20,,否,核心价值用户,
U00001508,女,33,,是,核心价值用户,
U00001509,女,46,,否,潜力发展用户,
U00001510,男,19,,否,低价值/流失用户,
U00001511,男,37,,否,核心价值用户,
U00001512,男,64,,否,高价值沉睡用户,
U00001513,女,34,,否,高价值沉睡用户,
U00001514,女,49,,是,潜力发展用户,
U00001515,男,43,,否,低价值/流失用户,
U00001516,女,39,,否,高价值沉睡用户,
U00001517,女,55,,是,潜力发展用户,
U00001518,女,54,,否,潜力发展用户,
U00001519,男,51,,是,潜力发展用户,
U00001520,女,38,,是,高价值沉睡用户,
U00001521,女,63,,否,低价值/流失用户,
U00001522,女,28,,是,潜力发展用户,
U00001523,女,54,,否,潜力发展用户,
U00001524,女,34,,否,核心价值用户,
U00001525,男,45,,否,核心价值用户,
U00001526,女,20,,是,核心价值用户,
U00001527,女,53,,否,核心价值用户,
U00001528,女,46,,是,潜力发展用户,
U00001529,男,49,,是,潜力发展用户,
U00001530,女,58,,否,潜力发展用户,
U00001531,女,33,,否,高价值沉睡用户,
U00001532,女,50,,是,潜力发展用户,
U00001533,女,57,,否,核心价值用户,
U00001534,女,42,,是,高价值沉睡用户,
U00001535,女,19,,是,潜力发展用户,
U00001536,男,57,,是,低价值/流失用户,
U00001537,男,60,,是,核心价值用户,
U00001538,男,52,,是,潜力发展用户,
U00001539,女,54,,否,高价值沉睡用户,
U00001540,女,53,,否,潜力发展用户,
U00001541,女,49,,是,低价值/流失用户,
U00001542,女,29,,否,潜力发展用户,
U00001543,女,21,,是,核心价值用户,
U00001544,男,62,,是,低价值/流失用户,
U00001545,男,51,,否,高价值沉睡用户,
U00001546,女,60,,是,核心价值用户,
U00001547,男,41,,是,核心价值用户,
U00001548,女,62,,是,低价值/流失用户,
U00001549,女,40,,否,潜力发展用户,
U00001550,女,41,,否,核心价值用户,
U00001551,女,21,,否,潜力发展用户,
U00001552,男,29,,否,高价值沉睡用户,
U00001553,女,35,,否,潜力发展用户,
U00001554,女,30,,否,核心价值用户,
U00001555,女,62,,否,核心价值用户,
U00001556,女,41,,否,核心价值用户,
U00001557,男,46,,是,低价值/流失用户,
U00001558,女,26,,是,潜力发展用户,
U00001559,女,52,,否,低价值/流失用户,
U00001560,女,39,,否,潜力发展用户,
U00001561,女,34,,是,核心价值用户,
U00001562,男,42,,是,核心价值用户,
U00001563,女,47,,否,核心价值用户,
U00001564,女,50,,否,核心价值用户,
U00001565,女,59,,否,核心价值用户,
U00001566,女,40,,否,核心价值用户,
U00001567,女,46,,否,潜力发展用户,
U00001568,女,47,,是,核心价值用户,
U00001569,男,22,,否,低价值/流失用户,
U00001570,女,28,,是,高价值沉睡用户,
U00001571,女,63,,否,潜力发展用户,
U00001572,女,54,,是,低价值/流失用户,
U00001573,女,25,,是,核心价值用户,
U00001574,女,40,,否,核心价值用户,
U00001575,男,61,,是,潜力发展用户,
U00001576,男,47,,否,潜力发展用户,
U00001577,女,62,,是,低价值/流失用户,
U00001578,女,33,,否,低价值/流失用户,
U00001579,女,28,,否,核心价值用户,
U00001580,男,40,,否,核心价值用户,
U00001581,男,28,,否,低价值/流失用户,
U00001582,女,37,,是,潜力发展用户,
U00001583,男,55,,是,核心价值用户,
U00001584,男,63,,是,高价值沉睡用户,
U00001585,女,41,,否,高价值沉睡用户,
U00001586,女,41,,否,低价值/流失用户,
U00001587,男,37,,否,高价值沉睡用户,
U00001588,女,48,,是,高价值沉睡用户,
U00001589,男,61,,否,潜力发展用户,
U00001590,男,25,,否,核心价值用户,
U00001591,女,61,,是,潜力发展用户,
U00001592,女,48,,是,潜力发展用户,
U00001593,男,21,,否,潜力发展用户,
U00001594,女,65,,否,低价值/流失用户,
U00001595,女,40,,是,核心价值用户,
U00001596,女,60,,是,高价值沉睡用户,
U00001597,女,31,,否,潜力发展用户,
U00001598,男,52,,否,核心价值用户,
U00001599,女,64,,否,低价值/流失用户,
U00001600,男,58,,是,高价值沉睡用户,
U00001601,男,48,,否,潜力发展用户,
U00001602,男,49,,否,核心价值用户,
U00001603,男,46,,是,低价值/流失用户,
U00001604,女,49,,否,高价值沉睡用户,
U00001605,男,41,,否,核心价值用户,
U00001606,男,22,,否,潜力发展用户,
U00001607,男,37,,是,高价值沉睡用户,
U00001608,女,58,,否,潜力发展用户,
U00001609,女,63,,否,核心价值用户,
U00001610,女,25,,否,潜力发展用户,
U00001611,女,20,,否,潜力发展用户,
U00001612,女,35,,是,高价值沉睡用户,
U00001613,女,64,,是,高价值沉睡用户,
U00001614,男,57,,否,低价值/流失用户,
U00001615,女,51,,否,高价值沉睡用户,
U00001616,女,64,,是,潜力发展用户,
U00001617,男,63,,否,潜力发展用户,
U00001618,女,55,,是,核心价值用户,
U00001619,女,21,,否,核心价值用户,
U00001620,男,44,,是,高价值沉睡用户,
U00001621,女,54,,是,潜力发展用户,
U00001622,女,31,,否,高价值沉睡用户,
U00001623,男,44,,否,潜力发展用户,
U00001624,女,30,,否,低价值/流失用户,
U00001625,男,44,,否,高价值沉睡用户,
U00001626,男,31,,是,潜力发展用户,
U00001627,女,44,,是,潜力发展用户,
U00001628,女,25,,否,潜力发展用户,
U00001629,女,56,,否,低价值/流失用户,
U00001630,男,39,,否,高价值沉睡用户,
U00001631,女,43,,是,高价值沉睡用户,
U00001632,男,49,,否,高价值沉睡用户,
U00001633,女,56,,是,高价值沉睡用户,
U00001634,女,38,,否,潜力发展用户,
U00001635,女,23,,否,高价值沉睡用户,
U00001636,男,40,,否,潜力发展用户,
U00001637,男,58,,否,低价值/流失用户,
U00001638,女,65,,否,高价值沉睡用户,
U00001639,女,63,,否,低价值/流失用户,
U00001640,男,64,,否,潜力发展用户,
U00001641,男,19,,否,高价值沉睡用户,
U00001642,女,60,,否,核心价值用户,
U00001643,男,27,,否,潜力发展用户,
U00001644,女,20,,否,低价值/流失用户,
U00001645,女,41,,是,高价值沉睡用户,
U00001646,男,60,,否,潜力发展用户,
U00001647,男,18,,是,潜力发展用户,
U00001648,女,23,,否,核心价值用户,
U00001649,女,31,,否,潜力发展用户,
U00001650,女,64,,是,潜力发展用户,
U00001651,男,63,,否,核心价值用户,
U00001652,男,63,,否,高价值沉睡用户,
U00001653,男,43,,是,核心价值用户,
U00001654,女,56,,是,低价值/流失用户,
U00001655,男,53,,否,高价值沉睡用户,
U00001656,男,65,,是,核心价值用户,
U00001657,男,65,,是,核心价值用户,
U00001658,男,36,,是,潜力发展用户,
U00001659,女,28,,否,潜力发展用户,
U00001660,女,41,,否,高价值沉睡用户,
U00001661,女,55,,是,核心价值用户,
U00001662,女,22,,否,潜力发展用户,
U00001663,男,19,,是,高价值沉睡用户,
U00001664,女,41,,是,低价值/流失用户,
U00001665,男,47,,是,高价值沉睡用户,
U00001666,女,42,,是,高价值沉睡用户,
U00001667,女,20,,是,潜力发展用户,
U00001668,女,38,,是,低价值/流失用户,
U00001669,女,18,,否,核心价值用户,
U00001670,女,63,,否,低价值/流失用户,
U00001671,女,53,,是,潜力发展用户,
U00001672,女,48,,否,潜力发展用户,
U00001673,女,34,,否,核心价值用户,
U00001674,男,25,,是,核心价值用户,
U00001675,女,18,,否,潜力发展用户,
U00001676,男,29,,否,低价值/流失用户,
U00001677,女,24,,是,低价值/流失用户,
U00001678,女,29,,否,潜力发展用户,
U00001679,女,30,,否,潜力发展用户,
U00001680,男,61,,否,高价值沉睡用户,
U00001681,女,18,,否,核心价值用户,
U00001682,男,38,,否,低价值/流失用户,
U00001683,女,21,,否,潜力发展用户,
U00001684,男,30,,否,高价值沉睡用户,
U00001685,女,42,,否,高价值沉睡用户,
U00001686,女,24,,否,低价值/流失用户,
U00001687,女,52,,否,核心价值用户,
U00001688,男,60,,否,高价值沉睡用户,
U00001689,女,59,,否,高价值沉睡用户,
U00001690,女,43,,否,核心价值用户,
U00001691,女,19,,否,高价值沉睡用户,
U00001692,女,65,,是,潜力发展用户,
U00001693,女,51,,否,核心价值用户,
U00001694,女,18,,是,潜力发展用户,
U00001695,女,24,,是,高价值沉睡用户,
U00001696,女,59,,否,核心价值用户,
U00001697,女,21,,否,核心价值用户,
U00001698,女,38,,否,潜力发展用户,
U00001699,女,34,,否,核心价值用户,
U00001700,女,54,,是,核心价值用户,
U00001701,女,62,,是,潜力发展用户,
U00001702,女,18,,否,潜力发展用户,
U00001703,女,37,,是,核心价值用户,
U00001704,男,30,,否,潜力发展用户,
U00001705,男,33,,否,潜力发展用户,
U00001706,女,31,,是,潜力发展用户,
U00001707,男,43,,否,高价值沉睡用户,
U00001708,女,23,,是,低价值/流失用户,
U00001709,女,50,,是,潜力发展用户,
U00001710,女,54,,否,核心价值用户,
U00001711,女,37,,是,高价值沉睡用户,
U00001712,女,21,,否,潜力发展用户,
U00001713,男,31,,否,潜力发展用户,
U00001714,女,59,,否,潜力发展用户,
U00001715,男,22,,是,潜力发展用户,
U00001716,女,52,,是,高价值沉睡用户,
U00001717,女,32,,是,核心价值用户,
U00001718,女,61,,否,潜力发展用户,
U00001719,男,63,,否,潜力发展用户,
U00001720,女,35,,是,核心价值用户,
U00001721,女,22,,是,潜力发展用户,
U00001722,男,63,,否,核心价值用户,
U00001723,女,48,,否,潜力发展用户,
U00001724,女,38,,否,潜力发展用户,
U00001725,男,60,,否,潜力发展用户,
U00001726,女,32,,否,潜力发展用户,
U00001727,男,31,,否,高价值沉睡用户,
U00001728,女,57,,是,高价值沉睡用户,
U00001729,女,63,,否,高价值沉睡用户,
U00001730,女,33,,是,高价值沉睡用户,
U00001731,男,40,,是,高价值沉睡用户,
U00001732,女,45,,是,高价值沉睡用户,
U00001733,男,30,,否,高价值沉睡用户,
U00001734,男,20,,是,潜力发展用户,
U00001735,女,58,,否,低价值/流失用户,
U00001736,女,49,,是,核心价值用户,
U00001737,女,19,,否,核心价值用户,
U00001738,女,57,,否,潜力发展用户,
U00001739,女,28,,是,高价值沉睡用户,
U00001740,男,48,,否,潜力发展用户,
U00001741,女,19,,否,核心价值用户,
U00001742,女,28,,是,潜力发展用户,
U00001743,男,56,,否,低价值/流失用户,
U00001744,女,46,,否,潜力发展用户,
U00001745,女,59,,是,潜力发展用户,
U00001746,女,55,,是,核心价值用户,
U00001747,男,31,,否,核心价值用户,
U00001748,男,62,,否,核心价值用户,
U00001749,女,43,,否,潜力发展用户,
U00001750,女,36,,否,高价值沉睡用户,
U00001751,女,33,,否,核心价值用户,
U00001752,男,22,,是,核心价值用户,
U00001753,女,19,,是,核心价值用户,
U00001754,女,44,,否,潜力发展用户,
U00001755,女,48,,否,潜力发展用户,
U00001756,女,56,,是,高价值沉睡用户,
U00001757,女,18,,否,低价值/流失用户,
U00001758,女,37,,是,核心价值用户,
U00001759,女,27,,否,核心价值用户,
U00001760,女,18,,是,核心价值用户,
U00001761,女,53,,否,潜力发展用户,
U00001762,女,45,,否,高价值沉睡用户,
U00001763,女,25,,是,核心价值用户,
U00001764,女,49,,否,核心价值用户,
U00001765,女,50,,否,高价值沉睡用户,
U00001766,女,53,,否,核心价值用户,
U00001767,男,29,,否,核心价值用户,
U00001768,女,62,,否,高价值沉睡用户,
U00001769,女,48,,否,高价值沉睡用户,
U00001770,女,62,,是,核心价值用户,
U00001771,男,23,,否,高价值沉睡用户,
U00001772,女,32,,否,高价值沉睡用户,
U00001773,女,36,,是,核心价值用户,
U00001774,女,28,,否,潜力发展用户,
U00001775,女,51,,否,潜力发展用户,
U00001776,女,21,,否,潜力发展用户,
U00001777,女,44,,是,高价值沉睡用户,
U00001778,女,41,,否,核心价值用户,
U00001779,女,64,,否,核心价值用户,
U00001780,女,28,,是,核心价值用户,
U00001781,女,43,,否,潜力发展用户,
U00001782,女,22,,是,核心价值用户,
U00001783,女,19,,是,潜力发展用户,
U00001784,女,49,,是,潜力发展用户,
U00001785,女,36,,是,低价值/流失用户,
U00001786,女,52,,否,高价值沉睡用户,
U00001787,男,42,,是,潜力发展用户,
U00001788,男,30,,否,核心价值用户,
U00001789,女,49,,是,核心价值用户,
U00001790,女,56,,是,潜力发展用户,
U00001791,男,35,,否,潜力发展用户,
U00001792,男,43,,否,低价值/流失用户,
U00001793,女,64,,否,潜力发展用户,
U00001794,女,27,,是,核心价值用户,
U00001795,女,24,,否,低价值/流失用户,
U00001796,女,46,,否,潜力发展用户,
U00001797,男,59,,否,核心价值用户,
U00001798,男,63,,否,高价值沉睡用户,
U00001799,男,46,,否,核心价值用户,
U00001800,女,28,,是,高价值沉睡用户,
U00001801,女,42,,否,核心价值用户,
U00001802,女,56,,否,高价值沉睡用户,
U00001803,女,60,,否,潜力发展用户,
U00001804,女,35,,否,潜力发展用户,
U00001805,男,42,,否,核心价值用户,
U00001806,女,38,,否,高价值沉睡用户,
U00001807,女,49,,是,低价值/流失用户,
U00001808,女,46,,否,潜力发展用户,
U00001809,男,28,,是,潜力发展用户,
U00001810,女,62,,是,潜力发展用户,
U00001811,女,42,,是,核心价值用户,
U00001812,女,29,,否,高价值沉睡用户,
U00001813,女,31,,是,核心价值用户,
U00001814,女,47,,否,核心价值用户,
U00001815,女,45,,否,潜力发展用户,
U00001816,男,55,,是,高价值沉睡用户,
U00001817,男,22,,是,潜力发展用户,
U00001818,女,59,,否,核心价值用户,
U00001819,男,24,,否,核心价值用户,
U00001820,男,28,,否,低价值/流失用户,
U00001821,女,59,,是,潜力发展用户,
U00001822,男,20,,否,高价值沉睡用户,
U00001823,女,58,,是,潜力发展用户,
U00001824,男,38,,是,潜力发展用户,
U00001825,女,63,,是,核心价值用户,
U00001826,女,49,,否,核心价值用户,
U00001827,男,53,,是,潜力发展用户,
U00001828,男,44,,否,潜力发展用户,
U00001829,女,30,,否,高价值沉睡用户,
U00001830,女,28,,否,潜力发展用户,
U00001831,男,41,,是,高价值沉睡用户,
U00001832,女,55,,否,高价值沉睡用户,
U00001833,女,21,,否,核心价值用户,
U00001834,女,32,,否,核心价值用户,
U00001835,女,38,,否,高价值沉睡用户,
U00001836,男,57,,否,核心价值用户,
U00001837,男,50,,否,低价值/流失用户,
U00001838,女,47,,是,核心价值用户,
U00001839,女,54,,否,潜力发展用户,
U00001840,女,43,,否,低价值/流失用户,
U00001841,女,53,,是,潜力发展用户,
U00001842,女,36,,是,核心价值用户,
U00001843,女,63,,是,高价值沉睡用户,
U00001844,男,56,,否,核心价值用户,
U00001845,男,41,,否,核心价值用户,
U00001846,男,31,,否,高价值沉睡用户,
U00001847,女,65,,是,核心价值用户,
U00001848,男,41,,否,核心价值用户,
U00001849,女,33,,否,潜力发展用户,
U00001850,男,25,,是,潜力发展用户,
U00001851,女,58,,是,潜力发展用户,
U00001852,男,59,,否,潜力发展用户,
U00001853,女,56,,是,潜力发展用户,
U00001854,男,45,,否,潜力发展用户,
U00001855,男,43,,是,核心价值用户,
U00001856,男,25,,是,高价值沉睡用户,
U00001857,女,60,,是,潜力发展用户,
U00001858,女,57,,是,潜力发展用户,
U00001859,男,54,,否,核心价值用户,
U00001860,女,52,,否,高价值沉睡用户,
U00001861,女,31,,否,核心价值用户,
U00001862,女,60,,否,潜力发展用户,
U00001863,女,53,,否,高价值沉睡用户,
U00001864,女,22,,否,核心价值用户,
U00001865,女,24,,否,核心价值用户,
U00001866,男,26,,否,核心价值用户,
U00001867,女,50,,是,潜力发展用户,
U00001868,女,34,,否,高价值沉睡用户,
U00001869,男,47,,否,核心价值用户,
U00001870,男,41,,否,低价值/流失用户,
U00001871,女,42,,否,低价值/流失用户,
U00001872,女,54,,是,核心价值用户,
U00001873,男,20,,是,核心价值用户,
U00001874,女,26,,否,低价值/流失用户,
U00001875,女,22,,否,低价值/流失用户,
U00001876,男,41,,是,高价值沉睡用户,
U00001877,女,32,,否,核心价值用户,
U00001878,女,24,,否,高价值沉睡用户,
U00001879,女,20,,否,潜力发展用户,
U00001880,女,31,,否,潜力发展用户,
U00001881,女,18,,否,潜力发展用户,
U00001882,女,28,,否,高价值沉睡用户,
U00001883,女,39,,否,潜力发展用户,
U00001884,女,32,,否,核心价值用户,
U00001885,女,47,,否,低价值/流失用户,
U00001886,女,33,,是,高价值沉睡用户,
U00001887,女,63,,否,核心价值用户,
U00001888,女,62,,否,核心价值用户,
U00001889,女,28,,否,核心价值用户,
U00001890,女,33,,否,核心价值用户,
U00001891,男,31,,否,高价值沉睡用户,
U00001892,女,38,,是,潜力发展用户,
U00001893,男,37,,否,高价值沉睡用户,
U00001894,男,29,,是,潜力发展用户,
U00001895,女,37,,是,潜力发展用户,
U00001896,女,24,,否,核心价值用户,
U00001897,女,28,,否,低价值/流失用户,
U00001898,男,29,,是,高价值沉睡用户,
U00001899,女,35,,是,潜力发展用户,
U00001900,女,35,,否,高价值沉睡用户,
U00001901,男,44,,否,潜力发展用户,
U00001902,男,31,,是,低价值/流失用户,
U00001903,男,36,,是,核心价值用户,
U00001904,男,29,,否,低价值/流失用户,
U00001905,男,39,,否,潜力发展用户,
U00001906,男,48,,是,高价值沉睡用户,
U00001907,女,62,,否,潜力发展用户,
U00001908,男,42,,是,核心价值用户,
U00001909,女,46,,否,高价值沉睡用户,
U00001910,女,54,,是,核心价值用户,
U00001911,男,20,,否,低价值/流失用户,
U00001912,女,42,,否,低价值/流失用户,
U00001913,男,47,,否,潜力发展用户,
U00001914,女,25,,是,核心价值用户,
U00001915,男,54,,否,高价值沉睡用户,
U00001916,女,31,,是,潜力发展用户,
U00001917,女,24,,否,高价值沉睡用户,
U00001918,女,51,,是,低价值/流失用户,
U00001919,女,18,,是,高价值沉睡用户,
U00001920,女,62,,否,潜力发展用户,
U00001921,男,57,,否,低价值/流失用户,
U00001922,女,61,,否,高价值沉睡用户,
U00001923,男,45,,否,潜力发展用户,
U00001924,女,46,,是,核心价值用户,
U00001925,男,18,,否,核心价值用户,
U00001926,男,60,,否,潜力发展用户,
U00001927,女,54,,是,高价值沉睡用户,
U00001928,男,55,,否,潜力发展用户,
U00001929,女,55,,是,潜力发展用户,
U00001930,男,35,,否,潜力发展用户,
U00001931,男,41,,否,高价值沉睡用户,
U00001932,女,18,,否,核心价值用户,
U00001933,女,47,,是,高价值沉睡用户,
U00001934,男,47,,否,核心价值用户,
U00001935,女,58,,是,低价值/流失用户,
U00001936,女,25,,否,高价值沉睡用户,
U00001937,男,59,,是,核心价值用户,
U00001938,男,56,,是,核心价值用户,
U00001939,女,21,,是,潜力发展用户,
U00001940,女,41,,否,核心价值用户,
U00001941,女,55,,否,核心价值用户,
U00001942,男,31,,是,核心价值用户,
U00001943,女,45,,否,核心价值用户,
U00001944,男,60,,是,核心价值用户,
U00001945,女,60,,否,核心价值用户,
U00001946,女,21,,否,潜力发展用户,
U00001947,女,46,,否,潜力发展用户,
U00001948,女,62,,是,潜力发展用户,
U00001949,女,43,,否,低价值/流失用户,
U00001950,女,57,,是,高价值沉睡用户,
U00001951,男,47,,否,核心价值用户,
U00001952,女,52,,否,潜力发展用户,
U00001953,女,60,,是,潜力发展用户,
U00001954,女,30,,是,低价值/流失用户,
U00001955,女,23,,否,核心价值用户,
U00001956,女,27,,是,核心价值用户,
U00001957,女,22,,是,潜力发展用户,
U00001958,女,57,,否,潜力发展用户,
U00001959,女,29,,否,核心价值用户,
U00001960,男,40,,是,核心价值用户,
U00001961,女,45,,否,核心价值用户,
U00001962,男,46,,否,核心价值用户,
U00001963,男,35,,否,核心价值用户,
U00001964,女,21,,是,潜力发展用户,
U00001965,女,34,,否,核心价值用户,
U00001966,女,62,,否,潜力发展用户,
U00001967,女,27,,否,核心价值用户,
U00001968,男,41,,否,潜力发展用户,
U00001969,男,34,,否,高价值沉睡用户,
U00001970,女,52,,否,潜力发展用户,
U00001971,女,18,,否,高价值沉睡用户,
U00001972,男,23,,否,低价值/流失用户,
U00001973,女,41,,否,低价值/流失用户,
U00001974,女,64,,否,高价值沉睡用户,
U00001975,男,19,,是,低价值/流失用户,
U00001976,男,38,,否,高价值沉睡用户,
U00001977,女,57,,否,潜力发展用户,
U00001978,女,62,,是,高价值沉睡用户,
U00001979,女,30,,是,低价值/流失用户,
U00001980,男,35,,是,高价值沉睡用户,
U00001981,男,50,,否,潜力发展用户,
U00001982,女,49,,是,潜力发展用户,
U00001983,女,54,,否,高价值沉睡用户,
U00001984,男,34,,是,潜力发展用户,
U00001985,女,18,,是,潜力发展用户,
U00001986,女,33,,是,潜力发展用户,
U00001987,男,45,,否,高价值沉睡用户,
U00001988,女,19,,是,高价值沉睡用户,
U00001989,女,23,,否,高价值沉睡用户,
U00001990,女,28,,否,潜力发展用户,
U00001991,女,62,,否,高价值沉睡用户,
U00001992,女,59,,否,高价值沉睡用户,
U00001993,男,21,,否,潜力发展用户,
U00001994,女,44,,是,低价值/流失用户,
U00001995,女,35,,否,潜力发展用户,
U00001996,女,45,,否,高价值沉睡用户,
U00001997,女,26,,否,低价值/流失用户,
U00001998,女,54,,是,潜力发展用户,
U00001999,女,25,,否,核心价值用户,
U00002000,女,64,,是,核心价值用户,
U00002001,女,29,,是,高价值沉睡用户,
U00002002,女,30,,否,核心价值用户,
U00002003,女,28,,否,高价值沉睡用户,
U00002004,男,24,,否,潜力发展用户,
U00002005,女,19,,否,核心价值用户,
U00002006,男,64,,否,潜力发展用户,
U00002007,女,59,,否,核心价值用户,
U00002008,女,51,,否,潜力发展用户,
U00002009,女,29,,否,核心价值用户,
U00002010,女,65,,否,潜力发展用户,
U00002011,女,39,,否,高价值沉睡用户,
U00002012,女,47,,是,潜力发展用户,
U00002013,女,63,,否,核心价值用户,
U00002014,女,43,,是,潜力发展用户,
U00002015,女,42,,否,核心价值用户,
U00002016,男,48,,是,高价值沉睡用户,
U00002017,女,30,,否,高价值沉睡用户,
U00002018,男,61,,否,核心价值用户,
U00002019,女,57,,否,潜力发展用户,
U00002020,女,58,,是,高价值沉睡用户,
U00002021,男,35,,是,潜力发展用户,
U00002022,男,41,,否,核心价值用户,
U00002023,女,65,,否,高价值沉睡用户,
U00002024,女,47,,否,核心价值用户,
U00002025,男,40,,否,潜力发展用户,
U00002026,男,41,,是,高价值沉睡用户,
U00002027,女,48,,是,潜力发展用户,
U00002028,女,37,,否,潜力发展用户,
U00002029,女,50,,否,核心价值用户,
U00002030,男,31,,否,潜力发展用户,
U00002031,女,30,,是,潜力发展用户,
U00002032,女,50,,否,潜力发展用户,
U00002033,女,22,,是,核心价值用户,
U00002034,女,40,,是,高价值沉睡用户,
U00002035,男,32,,否,核心价值用户,
U00002036,女,26,,否,潜力发展用户,
U00002037,女,34,,否,高价值沉睡用户,
U00002038,男,35,,否,高价值沉睡用户,
U00002039,男,65,,是,核心价值用户,
U00002040,女,20,,否,潜力发展用户,
U00002041,女,51,,否,高价值沉睡用户,
U00002042,男,46,,是,核心价值用户,
U00002043,男,50,,否,核心价值用户,
U00002044,女,55,,是,核心价值用户,
U00002045,女,42,,否,高价值沉睡用户,
U00002046,女,64,,否,低价值/流失用户,
U00002047,男,32,,否,核心价值用户,
U00002048,男,30,,是,潜力发展用户,
U00002049,女,60,,否,潜力发展用户,
U00002050,女,40,,否,低价值/流失用户,
U00002051,女,19,,否,核心价值用户,
U00002052,男,20,,否,潜力发展用户,
U00002053,女,54,,是,高价值沉睡用户,
U00002054,女,28,,是,低价值/流失用户,
U00002055,女,39,,是,潜力发展用户,
U00002056,男,30,,否,低价值/流失用户,
U00002057,男,58,,否,高价值沉睡用户,
U00002058,女,38,,是,核心价值用户,
U00002059,女,29,,是,潜力发展用户,
U00002060,女,61,,否,低价值/流失用户,
U00002061,男,25,,是,潜力发展用户,
U00002062,女,56,,否,高价值沉睡用户,
U00002063,女,57,,否,潜力发展用户,
U00002064,女,23,,是,低价值/流失用户,
U00002065,女,65,,否,低价值/流失用户,
U00002066,女,38,,否,核心价值用户,
U00002067,女,19,,是,核心价值用户,
U00002068,女,41,,否,潜力发展用户,
U00002069,男,35,,是,核心价值用户,
U00002070,女,58,,否,潜力发展用户,
U00002071,女,24,,否,潜力发展用户,
U00002072,女,44,,否,潜力发展用户,
U00002073,女,38,,是,核心价值用户,
U00002074,女,37,,否,潜力发展用户,
U00002075,女,56,,是,潜力发展用户,
U00002076,女,33,,否,核心价值用户,
U00002077,男,19,,是,低价值/流失用户,
U00002078,女,34,,是,高价值沉睡用户,
U00002079,女,62,,否,高价值沉睡用户,
U00002080,男,26,,是,高价值沉睡用户,
U00002081,女,62,,否,低价值/流失用户,
U00002082,男,48,,否,潜力发展用户,
U00002083,女,43,,否,低价值/流失用户,
U00002084,女,65,,否,低价值/流失用户,
U00002085,女,48,,是,潜力发展用户,
U00002086,男,35,,否,潜力发展用户,
U00002087,男,62,,否,潜力发展用户,
U00002088,女,53,,否,核心价值用户,
U00002089,女,43,,否,核心价值用户,
U00002090,男,61,,否,潜力发展用户,
U00002091,女,33,,是,潜力发展用户,
U00002092,男,43,,否,核心价值用户,
U00002093,男,33,,否,潜力发展用户,
U00002094,男,40,,否,高价值沉睡用户,
U00002095,女,25,,否,高价值沉睡用户,
U00002096,女,45,,否,潜力发展用户,
U00002097,男,22,,否,高价值沉睡用户,
U00002098,男,32,,否,潜力发展用户,
U00002099,女,37,,否,潜力发展用户,
U00002100,女,38,,否,高价值沉睡用户,
U00002101,女,28,,否,低价值/流失用户,
U00002102,女,23,,是,潜力发展用户,
U00002103,女,30,,是,潜力发展用户,
U00002104,女,37,,否,潜力发展用户,
U00002105,男,49,,否,潜力发展用户,
U00002106,男,25,,是,高价值沉睡用户,
U00002107,男,59,,否,潜力发展用户,
U00002108,女,60,,是,低价值/流失用户,
U00002109,女,36,,否,潜力发展用户,
U00002110,女,56,,否,潜力发展用户,
U00002111,女,30,,否,潜力发展用户,
U00002112,男,54,,否,核心价值用户,
U00002113,女,59,,否,潜力发展用户,
U00002114,女,57,,否,核心价值用户,
U00002115,女,29,,否,潜力发展用户,
U00002116,男,55,,是,高价值沉睡用户,
U00002117,男,36,,否,核心价值用户,
U00002118,女,42,,否,高价值沉睡用户,
U00002119,男,26,,是,低价值/流失用户,
U00002120,女,46,,否,高价值沉睡用户,
U00002121,女,57,,否,潜力发展用户,
U00002122,女,32,,是,核心价值用户,
U00002123,男,22,,是,高价值沉睡用户,
U00002124,女,58,,是,低价值/流失用户,
U00002125,女,59,,否,核心价值用户,
U00002126,男,44,,否,核心价值用户,
U00002127,女,34,,是,潜力发展用户,
U00002128,女,43,,否,核心价值用户,
U00002129,女,44,,否,核心价值用户,
U00002130,女,43,,否,潜力发展用户,
U00002131,女,48,,是,核心价值用户,
U00002132,女,26,,是,潜力发展用户,
U00002133,女,60,,是,高价值沉睡用户,
U00002134,女,43,,是,潜力发展用户,
U00002135,男,47,,是,高价值沉睡用户,
U00002136,男,49,,是,潜力发展用户,
U00002137,女,34,,否,核心价值用户,
U00002138,女,55,,否,高价值沉睡用户,
U00002139,女,47,,否,核心价值用户,
U00002140,女,65,,否,核心价值用户,
U00002141,女,30,,是,核心价值用户,
U00002142,女,48,,否,高价值沉睡用户,
U00002143,女,41,,否,低价值/流失用户,
U00002144,女,65,,否,高价值沉睡用户,
U00002145,女,53,,否,潜力发展用户,
U00002146,女,52,,否,高价值沉睡用户,
U00002147,女,23,,是,潜力发展用户,
U00002148,女,44,,是,高价值沉睡用户,
U00002149,女,33,,否,低价值/流失用户,
U00002150,男,57,,是,高价值沉睡用户,
U00002151,女,42,,是,核心价值用户,
U00002152,女,51,,否,高价值沉睡用户,
U00002153,女,22,,否,低价值/流失用户,
U00002154,女,56,,否,潜力发展用户,
U00002155,女,55,,否,低价值/流失用户,
U00002156,女,48,,是,潜力发展用户,
U00002157,女,56,,是,核心价值用户,
U00002158,男,29,,否,高价值沉睡用户,
U00002159,男,60,,否,高价值沉睡用户,
U00002160,女,31,,是,潜力发展用户,
U00002161,女,55,,是,核心价值用户,
U00002162,女,40,,是,核心价值用户,
U00002163,女,36,,否,核心价值用户,
U00002164,女,25,,否,核心价值用户,
U00002165,男,36,,是,潜力发展用户,
U00002166,女,58,,否,高价值沉睡用户,
U00002167,女,50,,是,低价值/流失用户,
U00002168,女,46,,是,高价值沉睡用户,
U00002169,女,49,,否,高价值沉睡用户,
U00002170,女,49,,是,低价值/流失用户,
U00002171,男,64,,否,潜力发展用户,
U00002172,女,39,,否,潜力发展用户,
U00002173,女,59,,否,核心价值用户,
U00002174,女,41,,否,潜力发展用户,
U00002175,女,23,,是,潜力发展用户,
U00002176,女,19,,是,高价值沉睡用户,
U00002177,男,34,,否,高价值沉睡用户,
U00002178,男,40,,是,高价值沉睡用户,
U00002179,女,51,,否,核心价值用户,
U00002180,男,26,,是,核心价值用户,
U00002181,女,47,,否,潜力发展用户,
U00002182,男,21,,是,高价值沉睡用户,
U00002183,女,22,,否,潜力发展用户,
U00002184,男,46,,是,高价值沉睡用户,
U00002185,男,47,,否,核心价值用户,
U00002186,男,59,,否,核心价值用户,
U00002187,女,31,,否,高价值沉睡用户,
U00002188,女,46,,是,核心价值用户,
U00002189,女,53,,否,潜力发展用户,
U00002190,女,42,,否,高价值沉睡用户,
U00002191,女,60,,否,核心价值用户,
U00002192,女,32,,否,核心价值用户,
U00002193,女,54,,是,核心价值用户,
U00002194,女,58,,是,潜力发展用户,
U00002195,女,32,,是,核心价值用户,
U00002196,女,36,,否,潜力发展用户,
U00002197,女,37,,是,潜力发展用户,
U00002198,女,64,,否,核心价值用户,
U00002199,女,60,,是,潜力发展用户,
U00002200,女,49,,否,低价值/流失用户,
U00002201,女,26,,是,潜力发展用户,
U00002202,男,58,,否,核心价值用户,
U00002203,女,59,,否,核心价值用户,
U00002204,女,44,,否,低价值/流失用户,
U00002205,女,36,,否,低价值/流失用户,
U00002206,女,49,,是,潜力发展用户,
U00002207,女,65,,否,核心价值用户,
U00002208,男,24,,否,核心价值用户,
U00002209,女,65,,是,核心价值用户,
U00002210,女,55,,是,核心价值用户,
U00002211,男,24,,否,核心价值用户,
U00002212,女,45,,是,低价值/流失用户,
U00002213,女,56,,否,高价值沉睡用户,
U00002214,男,54,,否,核心价值用户,
U00002215,女,64,,否,潜力发展用户,
U00002216,男,42,,是,潜力发展用户,
U00002217,男,28,,否,核心价值用户,
U00002218,女,47,,否,高价值沉睡用户,
U00002219,男,50,,否,核心价值用户,
U00002220,女,39,,是,高价值沉睡用户,
U00002221,女,51,,否,高价值沉睡用户,
U00002222,女,59,,是,潜力发展用户,
U00002223,女,32,,是,高价值沉睡用户,
U00002224,女,40,,是,潜力发展用户,
U00002225,女,53,,否,高价值沉睡用户,
U00002226,女,56,,否,低价值/流失用户,
U00002227,男,38,,是,潜力发展用户,
U00002228,女,51,,否,核心价值用户,
U00002229,女,55,,否,核心价值用户,
U00002230,女,34,,否,潜力发展用户,
U00002231,女,37,,是,核心价值用户,
U00002232,女,61,,否,核心价值用户,
U00002233,女,36,,否,潜力发展用户,
U00002234,女,58,,是,潜力发展用户,
U00002235,女,36,,是,低价值/流失用户,
U00002236,女,24,,否,核心价值用户,
U00002237,女,49,,是,潜力发展用户,
U00002238,男,29,,是,低价值/流失用户,
U00002239,男,22,,是,潜力发展用户,
U00002240,女,34,,是,核心价值用户,
U00002241,男,42,,否,低价值/流失用户,
U00002242,女,31,,否,核心价值用户,
U00002243,女,51,,是,高价值沉睡用户,
U00002244,女,40,,否,高价值沉睡用户,
U00002245,男,47,,否,核心价值用户,
U00002246,男,57,,否,潜力发展用户,
U00002247,女,65,,是,核心价值用户,
U00002248,男,49,,否,核心价值用户,
U00002249,女,48,,否,低价值/流失用户,
U00002250,女,55,,是,潜力发展用户,
U00002251,男,20,,是,高价值沉睡用户,
U00002252,男,52,,否,潜力发展用户,
U00002253,女,57,,否,核心价值用户,
U00002254,女,58,,否,核心价值用户,
U00002255,女,39,,否,潜力发展用户,
U00002256,女,59,,是,潜力发展用户,
U00002257,男,57,,是,潜力发展用户,
U00002258,男,30,,否,核心价值用户,
U00002259,男,50,,是,高价值沉睡用户,
U00002260,女,37,,否,潜力发展用户,
U00002261,女,31,,否,核心价值用户,
U00002262,女,22,,否,核心价值用户,
U00002263,女,20,,是,高价值沉睡用户,
U00002264,女,64,,是,潜力发展用户,
U00002265,女,54,,是,核心价值用户,
U00002266,女,57,,是,潜力发展用户,
U00002267,女,35,,是,潜力发展用户,
U00002268,男,38,,否,潜力发展用户,
U00002269,男,65,,是,核心价值用户,
U00002270,女,44,,否,低价值/流失用户,
U00002271,女,44,,否,核心价值用户,
U00002272,女,61,,否,核心价值用户,
U00002273,女,35,,是,潜力发展用户,
U00002274,女,65,,否,核心价值用户,
U00002275,女,60,,否,潜力发展用户,
U00002276,女,49,,否,高价值沉睡用户,
U00002277,女,55,,否,低价值/流失用户,
U00002278,女,44,,否,核心价值用户,
U00002279,女,47,,否,核心价值用户,
U00002280,女,62,,否,潜力发展用户,
U00002281,女,33,,否,潜力发展用户,
U00002282,女,53,,否,高价值沉睡用户,
U00002283,女,37,,否,高价值沉睡用户,
U00002284,女,53,,否,核心价值用户,
U00002285,男,43,,否,低价值/流失用户,
U00002286,女,43,,否,潜力发展用户,
U00002287,女,48,,是,潜力发展用户,
U00002288,女,44,,是,高价值沉睡用户,
U00002289,女,19,,否,低价值/流失用户,
U00002290,女,33,,否,核心价值用户,
U00002291,女,35,,是,核心价值用户,
U00002292,男,33,,否,高价值沉睡用户,
U00002293,女,48,,是,核心价值用户,
U00002294,女,62,,是,潜力发展用户,
U00002295,女,64,,否,核心价值用户,
U00002296,女,47,,是,低价值/流失用户,
U00002297,男,24,,否,潜力发展用户,
U00002298,女,65,,是,高价值沉睡用户,
U00002299,男,23,,否,高价值沉睡用户,
U00002300,女,64,,否,潜力发展用户,
U00002301,女,52,,否,潜力发展用户,
U00002302,女,26,,否,高价值沉睡用户,
U00002303,女,35,,否,核心价值用户,
U00002304,女,30,,是,核心价值用户,
U00002305,女,19,,否,低价值/流失用户,
U00002306,男,18,,是,高价值沉睡用户,
U00002307,女,56,,是,潜力发展用户,
U00002308,女,21,,是,低价值/流失用户,
U00002309,女,27,,是,高价值沉睡用户,
U00002310,女,35,,是,潜力发展用户,
U00002311,女,39,,是,核心价值用户,
U00002312,女,39,,否,高价值沉睡用户,
U00002313,女,61,,是,潜力发展用户,
U00002314,女,54,,否,高价值沉睡用户,
U00002315,女,48,,否,核心价值用户,
U00002316,女,43,,否,潜力发展用户,
U00002317,男,51,,否,潜力发展用户,
U00002318,女,34,,是,核心价值用户,
U00002319,女,58,,否,潜力发展用户,
U00002320,女,22,,否,核心价值用户,
U00002321,女,53,,是,高价值沉睡用户,
U00002322,女,58,,否,低价值/流失用户,
U00002323,女,56,,否,核心价值用户,
U00002324,男,64,,否,高价值沉睡用户,
U00002325,女,33,,否,潜力发展用户,
U00002326,女,42,,是,核心价值用户,
U00002327,女,18,,否,潜力发展用户,
U00002328,男,28,,是,潜力发展用户,
U00002329,女,39,,否,高价值沉睡用户,
U00002330,男,36,,否,核心价值用户,
U00002331,女,41,,是,低价值/流失用户,
U00002332,男,61,,是,潜力发展用户,
U00002333,男,49,,是,潜力发展用户,
U00002334,女,41,,否,核心价值用户,
U00002335,女,25,,否,潜力发展用户,
U00002336,男,25,,是,潜力发展用户,
U00002337,女,37,,否,高价值沉睡用户,
U00002338,女,23,,是,核心价值用户,
U00002339,女,47,,是,核心价值用户,
U00002340,女,64,,否,低价值/流失用户,
U00002341,女,34,,否,高价值沉睡用户,
U00002342,女,44,,否,潜力发展用户,
U00002343,男,65,,否,潜力发展用户,
U00002344,女,35,,是,低价值/流失用户,
U00002345,女,39,,否,潜力发展用户,
U00002346,女,19,,是,高价值沉睡用户,
U00002347,男,65,,是,核心价值用户,
U00002348,女,46,,是,潜力发展用户,
U00002349,男,51,,否,潜力发展用户,
U00002350,女,37,,是,高价值沉睡用户,
U00002351,女,52,,否,潜力发展用户,
U00002352,女,43,,否,低价值/流失用户,
U00002353,女,18,,是,潜力发展用户,
U00002354,女,38,,是,核心价值用户,
U00002355,女,55,,否,潜力发展用户,
U00002356,男,24,,否,核心价值用户,
U00002357,女,57,,否,低价值/流失用户,
U00002358,女,23,,是,高价值沉睡用户,
U00002359,女,63,,是,潜力发展用户,
U00002360,男,55,,否,高价值沉睡用户,
U00002361,女,65,,否,核心价值用户,
U00002362,女,21,,是,潜力发展用户,
U00002363,女,58,,否,高价值沉睡用户,
U00002364,女,62,,否,高价值沉睡用户,
U00002365,男,51,,否,核心价值用户,
U00002366,女,62,,是,核心价值用户,
U00002367,男,32,,是,潜力发展用户,
U00002368,男,37,,是,核心价值用户,
U00002369,女,50,,是,潜力发展用户,
U00002370,女,21,,否,潜力发展用户,
U00002371,男,36,,是,潜力发展用户,
U00002372,男,62,,是,高价值沉睡用户,
U00002373,女,29,,是,核心价值用户,
U00002374,男,54,,否,低价值/流失用户,
U00002375,女,53,,是,核心价值用户,
U00002376,女,40,,否,高价值沉睡用户,
U00002377,女,39,,否,潜力发展用户,
U00002378,男,60,,否,潜力发展用户,
U00002379,男,62,,否,潜力发展用户,
U00002380,女,38,,是,低价值/流失用户,
U00002381,女,31,,是,低价值/流失用户,
U00002382,女,62,,否,潜力发展用户,
U00002383,女,40,,否,潜力发展用户,
U00002384,男,18,,否,核心价值用户,
U00002385,男,25,,是,低价值/流失用户,
U00002386,女,60,,是,潜力发展用户,
U00002387,女,62,,否,高价值沉睡用户,
U00002388,男,63,,否,核心价值用户,
U00002389,女,50,,是,核心价值用户,
U00002390,女,54,,否,潜力发展用户,
U00002391,男,33,,否,高价值沉睡用户,
U00002392,男,64,,否,高价值沉睡用户,
U00002393,男,58,,是,核心价值用户,
U00002394,女,43,,否,高价值沉睡用户,
U00002395,男,42,,是,潜力发展用户,
U00002396,女,26,,否,高价值沉睡用户,
U00002397,女,61,,是,核心价值用户,
U00002398,女,19,,否,潜力发展用户,
U00002399,女,32,,否,核心价值用户,
U00002400,女,23,,否,高价值沉睡用户,
U00002401,女,31,,是,高价值沉睡用户,
U00002402,男,63,,是,高价值沉睡用户,
U00002403,男,22,,否,核心价值用户,
U00002404,男,58,,是,核心价值用户,
U00002405,女,38,,否,低价值/流失用户,
U00002406,女,49,,否,高价值沉睡用户,
U00002407,女,51,,否,潜力发展用户,
U00002408,女,51,,否,核心价值用户,
U00002409,女,47,,是,高价值沉睡用户,
U00002410,女,33,,否,高价值沉睡用户,
U00002411,男,60,,否,潜力发展用户,
U00002412,女,31,,否,高价值沉睡用户,
U00002413,男,38,,是,高价值沉睡用户,
U00002414,女,45,,是,潜力发展用户,
U00002415,女,45,,否,潜力发展用户,
U00002416,女,51,,是,潜力发展用户,
U00002417,女,22,,是,核心价值用户,
U00002418,女,30,,否,核心价值用户,
U00002419,男,57,,否,高价值沉睡用户,
U00002420,男,43,,否,潜力发展用户,
U00002421,女,31,,否,高价值沉睡用户,
U00002422,女,32,,否,核心价值用户,
U00002423,女,28,,否,核心价值用户,
U00002424,男,58,,是,核心价值用户,
U00002425,女,29,,否,潜力发展用户,
U00002426,女,58,,否,高价值沉睡用户,
U00002427,女,24,,否,潜力发展用户,
U00002428,女,57,,否,核心价值用户,
U00002429,女,30,,是,核心价值用户,
U00002430,女,59,,否,核心价值用户,
U00002431,女,36,,是,核心价值用户,
U00002432,男,63,,否,高价值沉睡用户,
U00002433,男,52,,是,潜力发展用户,
U00002434,女,55,,否,潜力发展用户,
U00002435,女,24,,是,核心价值用户,
U00002436,女,20,,否,核心价值用户,
U00002437,女,52,,否,核心价值用户,
U00002438,女,59,,是,高价值沉睡用户,
U00002439,女,21,,是,高价值沉睡用户,
U00002440,男,35,,否,潜力发展用户,
U00002441,男,46,,是,潜力发展用户,
U00002442,女,49,,否,高价值沉睡用户,
U00002443,女,43,,是,潜力发展用户,
U00002444,男,36,,是,核心价值用户,
U00002445,女,41,,否,高价值沉睡用户,
U00002446,女,58,,否,潜力发展用户,
U00002447,男,47,,否,潜力发展用户,
U00002448,男,20,,否,核心价值用户,
U00002449,女,34,,否,核心价值用户,
U00002450,男,32,,否,高价值沉睡用户,
U00002451,女,51,,是,潜力发展用户,
U00002452,男,57,,是,潜力发展用户,
U00002453,男,19,,否,潜力发展用户,
U00002454,女,19,,是,低价值/流失用户,
U00002455,男,64,,否,高价值沉睡用户,
U00002456,男,46,,是,核心价值用户,
U00002457,女,63,,否,高价值沉睡用户,
U00002458,女,25,,是,低价值/流失用户,
U00002459,女,47,,否,核心价值用户,
U00002460,女,54,,否,高价值沉睡用户,
U00002461,女,36,,否,低价值/流失用户,
U00002462,女,34,,否,潜力发展用户,
U00002463,女,61,,否,核心价值用户,
U00002464,女,39,,否,低价值/流失用户,
U00002465,女,23,,否,潜力发展用户,
U00002466,女,59,,否,高价值沉睡用户,
U00002467,男,61,,否,潜力发展用户,
U00002468,女,43,,是,低价值/流失用户,
U00002469,女,58,,是,高价值沉睡用户,
U00002470,女,39,,否,高价值沉睡用户,
U00002471,女,57,,否,潜力发展用户,
U00002472,男,31,,否,潜力发展用户,
U00002473,女,22,,否,低价值/流失用户,
U00002474,女,45,,否,潜力发展用户,
U00002475,女,58,,是,潜力发展用户,
U00002476,女,62,,否,核心价值用户,
U00002477,男,21,,否,低价值/流失用户,
U00002478,女,18,,否,潜力发展用户,
U00002479,男,60,,是,核心价值用户,
U00002480,女,26,,是,潜力发展用户,
U00002481,男,60,,否,潜力发展用户,
U00002482,男,18,,否,核心价值用户,
U00002483,女,59,,否,核心价值用户,
U00002484,女,22,,否,高价值沉睡用户,
U00002485,女,34,,否,高价值沉睡用户,
U00002486,男,45,,否,高价值沉睡用户,
U00002487,女,32,,否,核心价值用户,
U00002488,男,37,,否,潜力发展用户,
U00002489,女,44,,否,高价值沉睡用户,
U00002490,女,52,,是,核心价值用户,
U00002491,男,23,,是,核心价值用户,
U00002492,女,39,,否,高价值沉睡用户,
U00002493,男,62,,是,高价值沉睡用户,
U00002494,女,60,,是,潜力发展用户,
U00002495,女,28,,否,潜力发展用户,
U00002496,男,44,,是,高价值沉睡用户,
U00002497,女,60,,是,低价值/流失用户,
U00002498,男,36,,是,高价值沉睡用户,
U00002499,女,62,,是,核心价值用户,
U00002500,女,48,,否,潜力发展用户,
U00002501,女,62,,是,核心价值用户,
U00002502,女,49,,否,潜力发展用户,
U00002503,女,48,,是,潜力发展用户,
U00002504,女,37,,否,核心价值用户,
U00002505,男,34,,是,高价值沉睡用户,
U00002506,女,44,,否,潜力发展用户,
U00002507,女,61,,否,潜力发展用户,
U00002508,男,50,,否,高价值沉睡用户,
U00002509,男,57,,是,高价值沉睡用户,
U00002510,女,22,,否,高价值沉睡用户,
U00002511,女,29,,否,高价值沉睡用户,
U00002512,女,44,,是,低价值/流失用户,
U00002513,女,21,,否,核心价值用户,
U00002514,女,62,,否,潜力发展用户,
U00002515,女,26,,否,核心价值用户,
U00002516,女,54,,否,潜力发展用户,
U00002517,女,57,,是,高价值沉睡用户,
U00002518,女,40,,否,潜力发展用户,
U00002519,女,46,,否,核心价值用户,
U00002520,女,36,,否,高价值沉睡用户,
U00002521,女,30,,否,高价值沉睡用户,
U00002522,女,39,,是,潜力发展用户,
U00002523,女,33,,否,潜力发展用户,
U00002524,男,52,,是,核心价值用户,
U00002525,女,26,,是,潜力发展用户,
U00002526,男,54,,否,潜力发展用户,
U00002527,女,19,,否,潜力发展用户,
U00002528,女,43,,是,高价值沉睡用户,
U00002529,女,42,,否,高价值沉睡用户,
U00002530,女,41,,是,潜力发展用户,
U00002531,女,38,,否,高价值沉睡用户,
U00002532,女,57,,是,潜力发展用户,
U00002533,女,20,,否,潜力发展用户,
U00002534,女,54,,否,核心价值用户,
U00002535,男,34,,否,低价值/流失用户,
U00002536,女,28,,是,潜力发展用户,
U00002537,女,40,,否,潜力发展用户,
U00002538,女,54,,否,核心价值用户,
U00002539,女,18,,否,潜力发展用户,
U00002540,女,36,,否,高价值沉睡用户,
U00002541,女,53,,否,低价值/流失用户,
U00002542,女,19,,否,核心价值用户,
U00002543,男,20,,否,潜力发展用户,
U00002544,女,65,,否,核心价值用户,
U00002545,女,49,,否,高价值沉睡用户,
U00002546,女,26,,是,高价值沉睡用户,
U00002547,女,54,,是,潜力发展用户,
U00002548,男,30,,否,核心价值用户,
U00002549,女,56,,是,低价值/流失用户,
U00002550,男,48,,是,核心价值用户,
U00002551,女,29,,是,高价值沉睡用户,
U00002552,女,20,,是,高价值沉睡用户,
U00002553,女,58,,是,潜力发展用户,
U00002554,男,34,,是,低价值/流失用户,
U00002555,男,53,,是,低价值/流失用户,
U00002556,女,45,,否,核心价值用户,
U00002557,女,21,,否,潜力发展用户,
U00002558,女,50,,否,高价值沉睡用户,
U00002559,女,49,,否,潜力发展用户,
U00002560,女,52,,否,潜力发展用户,
U00002561,女,49,,否,潜力发展用户,
U00002562,女,30,,是,潜力发展用户,
U00002563,男,27,,否,潜力发展用户,
U00002564,女,46,,是,核心价值用户,
U00002565,男,30,,是,潜力发展用户,
U00002566,女,45,,是,高价值沉睡用户,
U00002567,男,65,,是,高价值沉睡用户,
U00002568,女,39,,否,高价值沉睡用户,
U00002569,女,46,,是,核心价值用户,
U00002570,女,42,,否,高价值沉睡用户,
U00002571,男,39,,是,低价值/流失用户,
U00002572,男,53,,是,高价值沉睡用户,
U00002573,女,59,,是,潜力发展用户,
U00002574,女,44,,否,潜力发展用户,
U00002575,女,38,,是,核心价值用户,
U00002576,女,54,,是,核心价值用户,
U00002577,女,64,,否,潜力发展用户,
U00002578,男,54,,否,核心价值用户,
U00002579,女,49,,否,高价值沉睡用户,
U00002580,女,44,,否,高价值沉睡用户,
U00002581,女,47,,否,潜力发展用户,
U00002582,男,35,,是,潜力发展用户,
U00002583,女,63,,否,潜力发展用户,
U00002584,男,39,,是,核心价值用户,
U00002585,男,20,,否,高价值沉睡用户,
U00002586,女,23,,是,高价值沉睡用户,
U00002587,男,47,,否,潜力发展用户,
U00002588,女,18,,是,潜力发展用户,
U00002589,男,29,,否,核心价值用户,
U00002590,女,49,,否,高价值沉睡用户,
U00002591,男,48,,是,潜力发展用户,
U00002592,女,30,,是,核心价值用户,
U00002593,女,61,,否,核心价值用户,
U00002594,女,55,,否,核心价值用户,
U00002595,女,58,,否,潜力发展用户,
U00002596,女,26,,是,潜力发展用户,
U00002597,男,62,,否,核心价值用户,
U00002598,女,23,,否,潜力发展用户,
U00002599,女,54,,否,潜力发展用户,
U00002600,女,51,,否,低价值/流失用户,
U00002601,女,49,,是,高价值沉睡用户,
U00002602,女,43,,否,潜力发展用户,
U00002603,男,37,,否,核心价值用户,
U00002604,女,27,,否,潜力发展用户,
U00002605,男,36,,否,核心价值用户,
U00002606,女,21,,否,高价值沉睡用户,
U00002607,女,37,,是,高价值沉睡用户,
U00002608,女,22,,否,高价值沉睡用户,
U00002609,女,39,,否,核心价值用户,
U00002610,男,49,,否,核心价值用户,
U00002611,女,37,,否,高价值沉睡用户,
U00002612,女,52,,是,高价值沉睡用户,
U00002613,男,41,,是,核心价值用户,
U00002614,女,54,,否,高价值沉睡用户,
U00002615,女,28,,否,核心价值用户,
U00002616,女,41,,否,潜力发展用户,
U00002617,女,53,,否,潜力发展用户,
U00002618,女,54,,是,潜力发展用户,
U00002619,女,47,,否,核心价值用户,
U00002620,女,26,,是,核心价值用户,
U00002621,男,61,,否,潜力发展用户,
U00002622,女,26,,是,高价值沉睡用户,
U00002623,男,29,,否,高价值沉睡用户,
U00002624,男,35,,否,潜力发展用户,
U00002625,女,26,,是,潜力发展用户,
U00002626,女,27,,否,核心价值用户,
U00002627,男,62,,否,核心价值用户,
U00002628,女,57,,否,潜力发展用户,
U00002629,女,64,,否,潜力发展用户,
U00002630,女,45,,是,高价值沉睡用户,
U00002631,男,25,,否,高价值沉睡用户,
U00002632,女,62,,是,潜力发展用户,
U00002633,女,19,,否,高价值沉睡用户,
U00002634,女,52,,否,潜力发展用户,
U00002635,女,57,,否,潜力发展用户,
U00002636,男,21,,是,高价值沉睡用户,
U00002637,女,43,,否,潜力发展用户,
U00002638,男,65,,是,核心价值用户,
U00002639,女,22,,是,核心价值用户,
U00002640,女,22,,是,低价值/流失用户,
U00002641,女,52,,是,潜力发展用户,
U00002642,男,61,,是,潜力发展用户,
U00002643,女,25,,否,高价值沉睡用户,
U00002644,女,55,,否,核心价值用户,
U00002645,男,26,,否,高价值沉睡用户,
U00002646,男,35,,否,核心价值用户,
U00002647,女,58,,是,核心价值用户,
U00002648,女,23,,否,核心价值用户,
U00002649,女,39,,是,高价值沉睡用户,
U00002650,男,41,,是,低价值/流失用户,
U00002651,女,34,,是,核心价值用户,
U00002652,男,26,,否,高价值沉睡用户,
U00002653,女,51,,否,核心价值用户,
U00002654,女,45,,是,核心价值用户,
U00002655,女,40,,是,低价值/流失用户,
U00002656,男,61,,否,核心价值用户,
U00002657,女,50,,否,高价值沉睡用户,
U00002658,女,22,,否,低价值/流失用户,
U00002659,女,63,,否,高价值沉睡用户,
U00002660,女,33,,否,低价值/流失用户,
U00002661,男,57,,否,核心价值用户,
U00002662,女,23,,是,潜力发展用户,
U00002663,女,42,,否,核心价值用户,
U00002664,男,62,,否,核心价值用户,
U00002665,女,54,,是,低价值/流失用户,
U00002666,男,44,,否,核心价值用户,
U00002667,女,41,,否,核心价值用户,
U00002668,女,57,,否,低价值/流失用户,
U00002669,女,20,,否,潜力发展用户,
U00002670,女,45,,否,高价值沉睡用户,
U00002671,女,58,,否,潜力发展用户,
U00002672,女,61,,否,核心价值用户,
U00002673,女,22,,是,核心价值用户,
U00002674,女,53,,否,低价值/流失用户,
U00002675,女,61,,否,核心价值用户,
U00002676,男,34,,是,高价值沉睡用户,
U00002677,女,55,,是,核心价值用户,
U00002678,男,49,,否,高价值沉睡用户,
U00002679,男,34,,是,潜力发展用户,
U00002680,女,29,,否,潜力发展用户,
U00002681,女,45,,否,潜力发展用户,
U00002682,女,33,,否,高价值沉睡用户,
U00002683,女,55,,是,核心价值用户,
U00002684,女,32,,否,潜力发展用户,
U00002685,男,21,,是,核心价值用户,
U00002686,女,54,,否,核心价值用户,
U00002687,女,39,,是,高价值沉睡用户,
U00002688,女,39,,否,潜力发展用户,
U00002689,男,32,,是,潜力发展用户,
U00002690,女,65,,是,高价值沉睡用户,
U00002691,女,40,,是,潜力发展用户,
U00002692,男,55,,否,高价值沉睡用户,
U00002693,女,52,,是,潜力发展用户,
U00002694,女,47,,否,低价值/流失用户,
U00002695,女,25,,是,核心价值用户,
U00002696,男,22,,否,核心价值用户,
U00002697,男,31,,否,核心价值用户,
U00002698,女,45,,否,低价值/流失用户,
U00002699,女,59,,是,潜力发展用户,
U00002700,女,44,,否,潜力发展用户,
U00002701,女,61,,否,核心价值用户,
U00002702,女,45,,否,潜力发展用户,
U00002703,男,49,,否,核心价值用户,
U00002704,女,55,,否,核心价值用户,
U00002705,男,51,,否,核心价值用户,
U00002706,女,60,,否,潜力发展用户,
U00002707,女,65,,是,低价值/流失用户,
U00002708,女,18,,否,核心价值用户,
U00002709,女,43,,否,潜力发展用户,
U00002710,女,18,,是,潜力发展用户,
U00002711,女,22,,是,高价值沉睡用户,
U00002712,女,26,,是,潜力发展用户,
U00002713,女,51,,是,低价值/流失用户,
U00002714,男,50,,否,潜力发展用户,
U00002715,男,24,,否,核心价值用户,
U00002716,女,22,,否,潜力发展用户,
U00002717,女,60,,否,潜力发展用户,
U00002718,女,52,,否,核心价值用户,
U00002719,女,42,,否,低价值/流失用户,
U00002720,男,48,,是,高价值沉睡用户,
U00002721,男,58,,否,核心价值用户,
U00002722,女,20,,否,核心价值用户,
U00002723,女,27,,否,潜力发展用户,
U00002724,女,29,,否,高价值沉睡用户,
U00002725,女,23,,否,核心价值用户,
U00002726,女,50,,是,核心价值用户,
U00002727,女,43,,否,高价值沉睡用户,
U00002728,女,59,,是,潜力发展用户,
U00002729,女,25,,否,高价值沉睡用户,
U00002730,男,49,,否,高价值沉睡用户,
U00002731,女,25,,是,低价值/流失用户,
U00002732,女,29,,否,潜力发展用户,
U00002733,女,63,,否,核心价值用户,
U00002734,女,22,,是,核心价值用户,
U00002735,女,50,,是,核心价值用户,
U00002736,女,63,,否,高价值沉睡用户,
U00002737,女,36,,否,潜力发展用户,
U00002738,女,49,,是,核心价值用户,
U00002739,女,56,,否,潜力发展用户,
U00002740,男,57,,否,核心价值用户,
U00002741,女,41,,否,潜力发展用户,
U00002742,女,34,,是,高价值沉睡用户,
U00002743,男,38,,是,高价值沉睡用户,
U00002744,女,29,,否,潜力发展用户,
U00002745,女,33,,否,高价值沉睡用户,
U00002746,男,54,,否,低价值/流失用户,
U00002747,女,61,,是,潜力发展用户,
U00002748,女,46,,是,潜力发展用户,
U00002749,女,23,,否,低价值/流失用户,
U00002750,男,50,,否,核心价值用户,
U00002751,女,28,,是,高价值沉睡用户,
U00002752,女,32,,否,核心价值用户,
U00002753,女,52,,是,核心价值用户,
U00002754,女,55,,否,核心价值用户,
U00002755,男,22,,否,低价值/流失用户,
U00002756,女,62,,是,核心价值用户,
U00002757,女,30,,是,高价值沉睡用户,
U00002758,女,63,,是,高价值沉睡用户,
U00002759,女,33,,是,低价值/流失用户,
U00002760,女,58,,否,高价值沉睡用户,
U00002761,女,31,,否,核心价值用户,
U00002762,女,18,,否,核心价值用户,
U00002763,女,61,,否,核心价值用户,
U00002764,男,35,,否,核心价值用户,
U00002765,女,36,,否,核心价值用户,
U00002766,男,21,,是,核心价值用户,
U00002767,女,28,,否,潜力发展用户,
U00002768,男,49,,否,低价值/流失用户,
U00002769,女,39,,否,低价值/流失用户,
U00002770,女,30,,是,高价值沉睡用户,
U00002771,男,31,,否,高价值沉睡用户,
U00002772,女,60,,是,潜力发展用户,
U00002773,男,24,,否,核心价值用户,
U00002774,女,47,,是,高价值沉睡用户,
U00002775,女,54,,否,潜力发展用户,
U00002776,女,54,,是,潜力发展用户,
U00002777,男,63,,是,潜力发展用户,
U00002778,女,51,,是,核心价值用户,
U00002779,女,49,,否,潜力发展用户,
U00002780,男,48,,是,潜力发展用户,
U00002781,女,44,,否,高价值沉睡用户,
U00002782,女,31,,否,核心价值用户,
U00002783,女,36,,是,核心价值用户,
U00002784,女,51,,是,低价值/流失用户,
U00002785,女,21,,否,核心价值用户,
U00002786,男,58,,否,高价值沉睡用户,
U00002787,女,60,,否,潜力发展用户,
U00002788,女,38,,是,高价值沉睡用户,
U00002789,女,37,,否,核心价值用户,
U00002790,女,46,,是,潜力发展用户,
U00002791,女,20,,否,核心价值用户,
U00002792,女,19,,否,核心价值用户,
U00002793,男,29,,否,高价值沉睡用户,
U00002794,女,51,,否,低价值/流失用户,
U00002795,男,52,,是,核心价值用户,
U00002796,女,19,,否,潜力发展用户,
U00002797,男,35,,否,高价值沉睡用户,
U00002798,男,47,,是,潜力发展用户,
U00002799,男,60,,是,低价值/流失用户,
U00002800,女,54,,是,高价值沉睡用户,
U00002801,女,65,,否,高价值沉睡用户,
U00002802,女,59,,是,低价值/流失用户,
U00002803,男,21,,否,低价值/流失用户,
U00002804,男,21,,否,潜力发展用户,
U00002805,男,40,,否,核心价值用户,
U00002806,女,36,,是,潜力发展用户,
U00002807,男,41,,否,高价值沉睡用户,
U00002808,女,57,,否,潜力发展用户,
U00002809,男,64,,否,潜力发展用户,
U00002810,女,40,,是,高价值沉睡用户,
U00002811,女,20,,是,高价值沉睡用户,
U00002812,女,39,,否,潜力发展用户,
U00002813,男,38,,否,核心价值用户,
U00002814,女,48,,否,高价值沉睡用户,
U00002815,女,55,,是,潜力发展用户,
U00002816,女,61,,是,高价值沉睡用户,
U00002817,女,26,,否,核心价值用户,
U00002818,女,39,,否,核心价值用户,
U00002819,男,37,,否,核心价值用户,
U00002820,女,65,,是,潜力发展用户,
U00002821,男,55,,否,潜力发展用户,
U00002822,女,57,,是,核心价值用户,
U00002823,女,58,,是,低价值/流失用户,
U00002824,女,35,,否,高价值沉睡用户,
U00002825,女,29,,是,核心价值用户,
U00002826,女,47,,否,高价值沉睡用户,
U00002827,女,31,,否,核心价值用户,
U00002828,男,29,,是,潜力发展用户,
U00002829,女,29,,是,核心价值用户,
U00002830,男,64,,否,高价值沉睡用户,
U00002831,女,28,,否,核心价值用户,
U00002832,女,19,,是,潜力发展用户,
U00002833,女,63,,否,低价值/流失用户,
U00002834,女,59,,否,低价值/流失用户,
U00002835,男,26,,是,核心价值用户,
U00002836,男,52,,否,潜力发展用户,
U00002837,女,52,,否,高价值沉睡用户,
U00002838,女,47,,否,高价值沉睡用户,
U00002839,女,52,,否,高价值沉睡用户,
U00002840,男,48,,否,潜力发展用户,
U00002841,女,25,,否,低价值/流失用户,
U00002842,女,34,,否,核心价值用户,
U00002843,男,59,,是,潜力发展用户,
U00002844,男,52,,是,高价值沉睡用户,
U00002845,女,33,,是,潜力发展用户,
U00002846,女,63,,是,高价值沉睡用户,
U00002847,女,35,,否,低价值/流失用户,
U00002848,女,54,,是,潜力发展用户,
U00002849,女,32,,否,低价值/流失用户,
U00002850,女,33,,否,潜力发展用户,
U00002851,女,32,,否,潜力发展用户,
U00002852,女,46,,否,潜力发展用户,
U00002853,男,27,,否,高价值沉睡用户,
U00002854,女,45,,是,核心价值用户,
U00002855,女,27,,否,低价值/流失用户,
U00002856,男,19,,否,核心价值用户,
U00002857,女,39,,是,潜力发展用户,
U00002858,男,37,,否,高价值沉睡用户,
U00002859,女,60,,否,核心价值用户,
U00002860,女,26,,否,潜力发展用户,
U00002861,女,64,,是,潜力发展用户,
U00002862,男,48,,否,潜力发展用户,
U00002863,女,29,,是,潜力发展用户,
U00002864,女,38,,否,高价值沉睡用户,
U00002865,男,25,,否,核心价值用户,
U00002866,男,60,,否,核心价值用户,
U00002867,男,31,,否,核心价值用户,
U00002868,女,47,,否,高价值沉睡用户,
U00002869,女,19,,是,高价值沉睡用户,
U00002870,女,59,,是,潜力发展用户,
U00002871,男,46,,否,高价值沉睡用户,
U00002872,男,27,,否,高价值沉睡用户,
U00002873,女,35,,是,高价值沉睡用户,
U00002874,男,49,,否,潜力发展用户,
U00002875,女,36,,否,高价值沉睡用户,
U00002876,男,18,,否,潜力发展用户,
U00002877,女,24,,是,核心价值用户,
U00002878,女,37,,否,高价值沉睡用户,
U00002879,男,26,,是,潜力发展用户,
U00002880,女,60,,是,潜力发展用户,
U00002881,男,20,,是,潜力发展用户,
U00002882,女,32,,是,低价值/流失用户,
U00002883,男,53,,否,潜力发展用户,
U00002884,女,19,,否,潜力发展用户,
U00002885,女,44,,否,潜力发展用户,
U00002886,女,54,,是,潜力发展用户,
U00002887,女,34,,否,高价值沉睡用户,
U00002888,女,54,,否,潜力发展用户,
U00002889,女,21,,否,核心价值用户,
U00002890,女,22,,否,潜力发展用户,
U00002891,女,53,,是,潜力发展用户,
U00002892,女,57,,否,潜力发展用户,
U00002893,女,54,,是,低价值/流失用户,
U00002894,男,54,,否,高价值沉睡用户,
U00002895,男,52,,是,高价值沉睡用户,
U00002896,女,28,,否,低价值/流失用户,
U00002897,男,48,,否,高价值沉睡用户,
U00002898,女,61,,否,高价值沉睡用户,
U00002899,女,26,,否,潜力发展用户,
U00002900,女,40,,否,核心价值用户,
U00002901,男,31,,否,高价值沉睡用户,
U00002902,女,56,,否,潜力发展用户,
U00002903,男,28,,否,潜力发展用户,
U00002904,男,25,,是,核心价值用户,
U00002905,女,43,,是,核心价值用户,
U00002906,女,62,,是,低价值/流失用户,
U00002907,女,36,,是,低价值/流失用户,
U00002908,女,19,,否,潜力发展用户,
U00002909,男,41,,否,潜力发展用户,
U00002910,女,64,,否,低价值/流失用户,
U00002911,女,29,,是,核心价值用户,
U00002912,女,48,,是,潜力发展用户,
U00002913,男,59,,否,低价值/流失用户,
U00002914,男,51,,否,低价值/流失用户,
U00002915,女,19,,否,潜力发展用户,
U00002916,男,18,,是,核心价值用户,
U00002917,女,56,,是,高价值沉睡用户,
U00002918,女,23,,是,高价值沉睡用户,
U00002919,男,45,,否,潜力发展用户,
U00002920,女,27,,否,核心价值用户,
U00002921,女,40,,是,核心价值用户,
U00002922,男,55,,是,核心价值用户,
U00002923,男,56,,否,高价值沉睡用户,
U00002924,女,29,,否,潜力发展用户,
U00002925,女,22,,是,核心价值用户,
U00002926,女,20,,否,核心价值用户,
U00002927,女,61,,是,潜力发展用户,
U00002928,女,22,,是,核心价值用户,
U00002929,男,21,,否,高价值沉睡用户,
U00002930,女,25,,是,潜力发展用户,
U00002931,女,57,,否,潜力发展用户,
U00002932,女,24,,是,核心价值用户,
U00002933,男,58,,否,潜力发展用户,
U00002934,男,48,,否,核心价值用户,
U00002935,女,43,,否,潜力发展用户,
U00002936,女,29,,是,高价值沉睡用户,
U00002937,女,19,,是,潜力发展用户,
U00002938,男,59,,是,潜力发展用户,
U00002939,男,28,,否,高价值沉睡用户,
U00002940,女,55,,是,潜力发展用户,
U00002941,男,59,,是,低价值/流失用户,
U00002942,女,23,,否,潜力发展用户,
U00002943,女,39,,否,高价值沉睡用户,
U00002944,男,34,,否,高价值沉睡用户,
U00002945,男,52,,否,低价值/流失用户,
U00002946,女,32,,否,高价值沉睡用户,
U00002947,女,36,,否,核心价值用户,
U00002948,女,63,,是,潜力发展用户,
U00002949,女,25,,否,核心价值用户,
U00002950,女,54,,否,核心价值用户,
U00002951,女,62,,否,核心价值用户,
U00002952,女,39,,否,核心价值用户,
U00002953,男,64,,否,高价值沉睡用户,
U00002954,男,56,,否,潜力发展用户,
U00002955,女,27,,否,高价值沉睡用户,
U00002956,女,61,,否,核心价值用户,
U00002957,女,35,,否,低价值/流失用户,
U00002958,男,45,,是,高价值沉睡用户,
U00002959,女,23,,否,核心价值用户,
U00002960,男,44,,否,潜力发展用户,
U00002961,男,62,,是,低价值/流失用户,
U00002962,女,40,,否,潜力发展用户,
U00002963,女,56,,是,潜力发展用户,
U00002964,女,59,,是,高价值沉睡用户,
U00002965,男,38,,否,核心价值用户,
U00002966,女,50,,否,高价值沉睡用户,
U00002967,女,64,,是,潜力发展用户,
U00002968,女,57,,否,核心价值用户,
U00002969,女,50,,是,高价值沉睡用户,
U00002970,男,28,,否,潜力发展用户,
U00002971,女,52,,是,潜力发展用户,
U00002972,女,29,,是,潜力发展用户,
U00002973,男,58,,否,低价值/流失用户,
U00002974,女,28,,是,核心价值用户,
U00002975,女,31,,否,高价值沉睡用户,
U00002976,男,27,,是,潜力发展用户,
U00002977,女,37,,否,高价值沉睡用户,
U00002978,女,44,,否,核心价值用户,
U00002979,女,44,,否,低价值/流失用户,
U00002980,女,29,,否,高价值沉睡用户,
U00002981,男,18,,是,高价值沉睡用户,
U00002982,女,37,,是,潜力发展用户,
U00002983,女,32,,是,高价值沉睡用户,
U00002984,男,35,,否,潜力发展用户,
U00002985,男,62,,是,高价值沉睡用户,
U00002986,女,26,,否,高价值沉睡用户,
U00002987,女,34,,否,核心价值用户,
U00002988,女,46,,否,潜力发展用户,
U00002989,女,21,,是,潜力发展用户,
U00002990,男,36,,是,核心价值用户,
U00002991,男,49,,是,高价值沉睡用户,
U00002992,男,22,,是,潜力发展用户,
U00002993,女,42,,是,低价值/流失用户,
U00002994,女,19,,是,核心价值用户,
U00002995,男,49,,是,核心价值用户,
U00002996,女,29,,是,核心价值用户,
U00002997,女,45,,是,核心价值用户,
U00002998,女,42,,否,高价值沉睡用户,
U00002999,女,40,,是,低价值/流失用户,
U00003000,女,28,,是,潜力发展用户,
U00003001,女,39,,否,核心价值用户,
U00003002,女,39,,否,高价值沉睡用户,
U00003003,女,65,,否,核心价值用户,
U00003004,男,60,,否,高价值沉睡用户,
U00003005,女,28,,否,核心价值用户,
U00003006,女,25,,否,核心价值用户,
U00003007,女,20,,否,核心价值用户,
U00003008,女,25,,是,高价值沉睡用户,
U00003009,女,21,,否,潜力发展用户,
U00003010,女,65,,否,潜力发展用户,
U00003011,女,57,,否,核心价值用户,
U00003012,男,20,,是,高价值沉睡用户,
U00003013,男,58,,否,潜力发展用户,
U00003014,女,62,,否,核心价值用户,
U00003015,男,35,,是,核心价值用户,
U00003016,女,65,,是,潜力发展用户,
U00003017,女,22,,是,高价值沉睡用户,
U00003018,女,35,,否,核心价值用户,
U00003019,女,45,,否,高价值沉睡用户,
U00003020,女,64,,是,低价值/流失用户,
U00003021,男,54,,是,高价值沉睡用户,
U00003022,女,21,,是,潜力发展用户,
U00003023,女,39,,否,核心价值用户,
U00003024,女,59,,是,核心价值用户,
U00003025,女,49,,否,高价值沉睡用户,
U00003026,女,28,,是,核心价值用户,
U00003027,女,28,,否,核心价值用户,
U00003028,男,27,,否,核心价值用户,
U00003029,女,30,,否,高价值沉睡用户,
U00003030,女,47,,否,潜力发展用户,
U00003031,女,57,,否,潜力发展用户,
U00003032,女,43,,否,低价值/流失用户,
U00003033,女,44,,否,高价值沉睡用户,
U00003034,女,41,,否,高价值沉睡用户,
U00003035,女,41,,否,潜力发展用户,
U00003036,男,48,,否,高价值沉睡用户,
U00003037,女,18,,否,潜力发展用户,
U00003038,女,44,,否,核心价值用户,
U00003039,女,18,,是,核心价值用户,
U00003040,男,59,,是,核心价值用户,
U00003041,女,24,,否,潜力发展用户,
U00003042,女,32,,否,核心价值用户,
U00003043,男,32,,否,高价值沉睡用户,
U00003044,女,22,,是,高价值沉睡用户,
U00003045,女,39,,是,潜力发展用户,
U00003046,女,26,,是,核心价值用户,
U00003047,男,22,,否,潜力发展用户,
U00003048,女,62,,是,潜力发展用户,
U00003049,女,62,,否,核心价值用户,
U00003050,女,50,,否,高价值沉睡用户,
U00003051,男,24,,是,核心价值用户,
U00003052,男,49,,否,低价值/流失用户,
U00003053,女,37,,是,高价值沉睡用户,
U00003054,女,31,,否,核心价值用户,
U00003055,女,40,,否,潜力发展用户,
U00003056,男,38,,否,高价值沉睡用户,
U00003057,女,40,,否,核心价值用户,
U00003058,女,25,,否,潜力发展用户,
U00003059,女,23,,否,高价值沉睡用户,
U00003060,女,39,,否,潜力发展用户,
U00003061,女,47,,否,核心价值用户,
U00003062,女,45,,否,核心价值用户,
U00003063,男,35,,是,核心价值用户,
U00003064,男,50,,是,低价值/流失用户,
U00003065,女,50,,是,潜力发展用户,
U00003066,女,45,,是,高价值沉睡用户,
U00003067,女,20,,是,低价值/流失用户,
U00003068,女,63,,是,潜力发展用户,
U00003069,女,36,,是,高价值沉睡用户,
U00003070,女,53,,否,高价值沉睡用户,
U00003071,男,42,,否,低价值/流失用户,
U00003072,女,37,,是,核心价值用户,
U00003073,男,58,,是,核心价值用户,
U00003074,女,30,,是,潜力发展用户,
U00003075,男,26,,是,潜力发展用户,
U00003076,女,54,,否,核心价值用户,
U00003077,女,21,,否,高价值沉睡用户,
U00003078,女,64,,是,核心价值用户,
U00003079,女,21,,否,潜力发展用户,
U00003080,男,50,,否,核心价值用户,
U00003081,女,19,,否,核心价值用户,
U00003082,男,64,,否,核心价值用户,
U00003083,男,45,,否,高价值沉睡用户,
U00003084,女,32,,否,潜力发展用户,
U00003085,女,20,,是,潜力发展用户,
U00003086,女,30,,否,核心价值用户,
U00003087,女,18,,否,核心价值用户,
U00003088,女,59,,否,潜力发展用户,
U00003089,女,32,,是,核心价值用户,
U00003090,女,39,,否,核心价值用户,
U00003091,女,52,,否,高价值沉睡用户,
U00003092,女,40,,是,高价值沉睡用户,
U00003093,女,21,,否,低价值/流失用户,
U00003094,女,26,,否,核心价值用户,
U00003095,女,35,,否,核心价值用户,
U00003096,男,28,,是,潜力发展用户,
U00003097,女,20,,是,低价值/流失用户,
U00003098,女,59,,否,潜力发展用户,
U00003099,女,19,,否,潜力发展用户,
U00003100,男,46,,是,核心价值用户,
U00003101,女,64,,否,高价值沉睡用户,
U00003102,女,51,,是,高价值沉睡用户,
U00003103,女,22,,否,高价值沉睡用户,
U00003104,女,46,,是,核心价值用户,
U00003105,男,39,,否,高价值沉睡用户,
U00003106,女,23,,否,高价值沉睡用户,
U00003107,女,20,,是,高价值沉睡用户,
U00003108,男,55,,否,潜力发展用户,
U00003109,女,40,,是,潜力发展用户,
U00003110,男,45,,否,潜力发展用户,
U00003111,女,55,,否,潜力发展用户,
U00003112,男,23,,否,核心价值用户,
U00003113,男,37,,否,高价值沉睡用户,
U00003114,女,43,,否,高价值沉睡用户,
U00003115,女,42,,否,高价值沉睡用户,
U00003116,女,49,,否,核心价值用户,
U00003117,女,32,,否,核心价值用户,
U00003118,男,63,,否,高价值沉睡用户,
U00003119,女,48,,否,潜力发展用户,
U00003120,女,60,,是,高价值沉睡用户,
U00003121,女,29,,否,低价值/流失用户,
U00003122,女,31,,否,核心价值用户,
U00003123,女,61,,否,潜力发展用户,
U00003124,女,21,,否,潜力发展用户,
U00003125,男,29,,是,高价值沉睡用户,
U00003126,女,18,,否,核心价值用户,
U00003127,女,25,,否,潜力发展用户,
U00003128,男,52,,是,高价值沉睡用户,
U00003129,男,47,,否,潜力发展用户,
U00003130,男,62,,是,核心价值用户,
U00003131,女,49,,否,高价值沉睡用户,
U00003132,男,30,,否,潜力发展用户,
U00003133,女,43,,否,潜力发展用户,
U00003134,女,33,,是,高价值沉睡用户,
U00003135,男,37,,否,高价值沉睡用户,
U00003136,女,55,,否,潜力发展用户,
U00003137,女,44,,否,高价值沉睡用户,
U00003138,男,33,,否,核心价值用户,
U00003139,女,39,,否,核心价值用户,
U00003140,女,64,,否,潜力发展用户,
U00003141,女,48,,否,潜力发展用户,
U00003142,女,24,,否,潜力发展用户,
U00003143,女,63,,否,核心价值用户,
U00003144,女,56,,是,高价值沉睡用户,
U00003145,女,34,,是,核心价值用户,
U00003146,男,54,,是,高价值沉睡用户,
U00003147,男,34,,否,潜力发展用户,
U00003148,女,40,,是,核心价值用户,
U00003149,女,22,,否,潜力发展用户,
U00003150,女,47,,是,潜力发展用户,
U00003151,男,36,,否,高价值沉睡用户,
U00003152,女,26,,是,高价值沉睡用户,
U00003153,女,43,,是,低价值/流失用户,
U00003154,男,52,,否,高价值沉睡用户,
U00003155,女,31,,否,核心价值用户,
U00003156,男,65,,否,低价值/流失用户,
U00003157,男,60,,否,核心价值用户,
U00003158,男,40,,否,核心价值用户,
U00003159,女,30,,否,潜力发展用户,
U00003160,女,18,,是,核心价值用户,
U00003161,女,62,,否,潜力发展用户,
U00003162,女,31,,否,核心价值用户,
U00003163,男,36,,是,核心价值用户,
U00003164,女,46,,是,高价值沉睡用户,
U00003165,男,29,,否,高价值沉睡用户,
U00003166,女,31,,是,潜力发展用户,
U00003167,女,65,,否,潜力发展用户,
U00003168,女,51,,否,潜力发展用户,
U00003169,女,58,,否,潜力发展用户,
U00003170,女,21,,否,低价值/流失用户,
U00003171,女,51,,否,高价值沉睡用户,
U00003172,女,55,,否,高价值沉睡用户,
U00003173,女,37,,否,高价值沉睡用户,
U00003174,男,19,,是,潜力发展用户,
U00003175,女,32,,否,核心价值用户,
U00003176,女,18,,否,低价值/流失用户,
U00003177,男,35,,是,核心价值用户,
U00003178,男,51,,否,低价值/流失用户,
U00003179,女,29,,否,高价值沉睡用户,
U00003180,女,28,,否,高价值沉睡用户,
U00003181,女,65,,否,潜力发展用户,
U00003182,男,57,,是,核心价值用户,
U00003183,男,52,,否,低价值/流失用户,
U00003184,女,63,,否,潜力发展用户,
U00003185,女,57,,是,核心价值用户,
U00003186,女,40,,否,高价值沉睡用户,
U00003187,男,22,,否,低价值/流失用户,
U00003188,女,34,,否,核心价值用户,
U00003189,女,40,,是,低价值/流失用户,
U00003190,男,41,,是,潜力发展用户,
U00003191,女,48,,否,潜力发展用户,
U00003192,女,36,,否,核心价值用户,
U00003193,男,36,,是,高价值沉睡用户,
U00003194,男,65,,是,潜力发展用户,
U00003195,女,64,,是,潜力发展用户,
U00003196,女,52,,否,核心价值用户,
U00003197,男,52,,是,核心价值用户,
U00003198,女,61,,是,潜力发展用户,
U00003199,女,56,,是,潜力发展用户,
U00003200,女,46,,是,核心价值用户,
U00003201,女,28,,否,高价值沉睡用户,
U00003202,男,36,,否,核心价值用户,
U00003203,女,21,,否,核心价值用户,
U00003204,女,26,,否,高价值沉睡用户,
U00003205,男,60,,否,高价值沉睡用户,
U00003206,男,28,,是,潜力发展用户,
U00003207,女,50,,是,核心价值用户,
U00003208,男,53,,否,潜力发展用户,
U00003209,男,54,,是,核心价值用户,
U00003210,女,34,,否,潜力发展用户,
U00003211,女,56,,否,核心价值用户,
U00003212,女,43,,否,高价值沉睡用户,
U00003213,男,58,,否,高价值沉睡用户,
U00003214,男,55,,是,高价值沉睡用户,
U00003215,女,61,,否,核心价值用户,
U00003216,女,38,,是,高价值沉睡用户,
U00003217,女,36,,否,高价值沉睡用户,
U00003218,女,58,,是,核心价值用户,
U00003219,男,48,,否,核心价值用户,
U00003220,男,58,,是,低价值/流失用户,
U00003221,女,24,,否,核心价值用户,
U00003222,男,51,,是,潜力发展用户,
U00003223,女,31,,是,核心价值用户,
U00003224,男,56,,是,核心价值用户,
U00003225,男,20,,是,核心价值用户,
U00003226,女,53,,是,高价值沉睡用户,
U00003227,女,47,,是,核心价值用户,
U00003228,女,40,,否,核心价值用户,
U00003229,女,23,,否,低价值/流失用户,
U00003230,女,29,,否,核心价值用户,
U00003231,男,45,,是,低价值/流失用户,
U00003232,女,46,,是,核心价值用户,
U00003233,女,20,,是,高价值沉睡用户,
U00003234,女,56,,是,潜力发展用户,
U00003235,女,56,,是,潜力发展用户,
U00003236,女,56,,否,核心价值用户,
U00003237,女,33,,是,潜力发展用户,
U00003238,女,64,,是,核心价值用户,
U00003239,女,25,,是,潜力发展用户,
U00003240,男,43,,否,核心价值用户,
U00003241,女,38,,是,高价值沉睡用户,
U00003242,女,42,,是,高价值沉睡用户,
U00003243,女,30,,是,潜力发展用户,
U00003244,女,23,,否,核心价值用户,
U00003245,女,20,,否,潜力发展用户,
U00003246,女,59,,是,低价值/流失用户,
U00003247,女,51,,是,核心价值用户,
U00003248,男,40,,否,潜力发展用户,
U00003249,女,58,,否,高价值沉睡用户,
U00003250,女,59,,否,高价值沉睡用户,
U00003251,男,31,,否,潜力发展用户,
U00003252,女,51,,是,核心价值用户,
U00003253,男,33,,是,高价值沉睡用户,
U00003254,女,56,,否,潜力发展用户,
U00003255,女,49,,是,潜力发展用户,
U00003256,女,43,,否,潜力发展用户,
U00003257,女,38,,是,潜力发展用户,
U00003258,女,29,,是,核心价值用户,
U00003259,女,53,,否,核心价值用户,
U00003260,女,43,,否,低价值/流失用户,
U00003261,女,48,,否,核心价值用户,
U00003262,男,31,,是,核心价值用户,
U00003263,女,33,,是,高价值沉睡用户,
U00003264,女,50,,否,潜力发展用户,
U00003265,女,41,,否,高价值沉睡用户,
U00003266,女,22,,否,高价值沉睡用户,
U00003267,女,60,,是,核心价值用户,
U00003268,男,26,,否,核心价值用户,
U00003269,男,47,,否,潜力发展用户,
U00003270,女,63,,否,潜力发展用户,
U00003271,女,64,,否,高价值沉睡用户,
U00003272,女,53,,是,高价值沉睡用户,
U00003273,男,63,,是,潜力发展用户,
U00003274,女,35,,否,核心价值用户,
U00003275,女,46,,否,潜力发展用户,
U00003276,男,36,,是,核心价值用户,
U00003277,女,39,,否,低价值/流失用户,
U00003278,男,47,,否,核心价值用户,
U00003279,男,57,,否,低价值/流失用户,
U00003280,女,36,,是,高价值沉睡用户,
U00003281,女,32,,否,高价值沉睡用户,
U00003282,女,37,,否,潜力发展用户,
U00003283,女,25,,是,潜力发展用户,
U00003284,女,42,,否,低价值/流失用户,
U00003285,男,23,,否,高价值沉睡用户,
U00003286,女,48,,否,潜力发展用户,
U00003287,男,62,,否,高价值沉睡用户,
U00003288,女,63,,否,潜力发展用户,
U00003289,男,57,,否,潜力发展用户,
U00003290,女,64,,否,核心价值用户,
U00003291,女,34,,是,核心价值用户,
U00003292,女,19,,否,潜力发展用户,
U00003293,女,23,,是,潜力发展用户,
U00003294,男,28,,是,高价值沉睡用户,
U00003295,女,32,,是,核心价值用户,
U00003296,女,20,,否,潜力发展用户,
U00003297,女,24,,否,潜力发展用户,
U00003298,女,53,,否,低价值/流失用户,
U00003299,女,37,,否,核心价值用户,
U00003300,女,29,,否,高价值沉睡用户,
U00003301,女,23,,是,潜力发展用户,
U00003302,女,18,,否,核心价值用户,
U00003303,男,40,,是,高价值沉睡用户,
U00003304,女,41,,否,高价值沉睡用户,
U00003305,女,60,,否,核心价值用户,
U00003306,女,40,,否,潜力发展用户,
U00003307,女,54,,否,高价值沉睡用户,
U00003308,男,56,,否,潜力发展用户,
U00003309,女,18,,是,高价值沉睡用户,
U00003310,女,65,,否,高价值沉睡用户,
U00003311,女,23,,否,核心价值用户,
U00003312,男,53,,否,核心价值用户,
U00003313,女,27,,是,核心价值用户,
U00003314,女,50,,否,潜力发展用户,
U00003315,女,64,,否,潜力发展用户,
U00003316,女,39,,否,核心价值用户,
U00003317,女,42,,否,潜力发展用户,
U00003318,男,43,,是,核心价值用户,
U00003319,女,23,,否,核心价值用户,
U00003320,男,53,,是,高价值沉睡用户,
U00003321,女,27,,是,高价值沉睡用户,
U00003322,男,60,,是,高价值沉睡用户,
U00003323,女,65,,否,潜力发展用户,
U00003324,女,49,,否,低价值/流失用户,
U00003325,男,33,,是,低价值/流失用户,
U00003326,女,45,,否,潜力发展用户,
U00003327,男,57,,是,潜力发展用户,
U00003328,女,55,,否,低价值/流失用户,
U00003329,女,28,,是,潜力发展用户,
U00003330,男,29,,否,高价值沉睡用户,
U00003331,女,23,,是,高价值沉睡用户,
U00003332,男,28,,是,核心价值用户,
U00003333,女,51,,是,高价值沉睡用户,
U00003334,男,48,,是,核心价值用户,
U00003335,女,50,,是,潜力发展用户,
U00003336,男,64,,是,高价值沉睡用户,
U00003337,女,60,,是,高价值沉睡用户,
U00003338,女,31,,是,核心价值用户,
U00003339,女,32,,否,核心价值用户,
U00003340,女,28,,否,核心价值用户,
U00003341,男,35,,否,核心价值用户,
U00003342,男,19,,是,潜力发展用户,
U00003343,男,37,,否,潜力发展用户,
U00003344,女,23,,否,高价值沉睡用户,
U00003345,女,41,,否,高价值沉睡用户,
U00003346,女,38,,否,核心价值用户,
U00003347,女,23,,否,潜力发展用户,
U00003348,女,23,,否,潜力发展用户,
U00003349,男,46,,否,核心价值用户,
U00003350,女,38,,是,潜力发展用户,
U00003351,男,28,,是,潜力发展用户,
U00003352,男,58,,是,核心价值用户,
U00003353,女,47,,否,核心价值用户,
U00003354,女,57,,是,低价值/流失用户,
U00003355,男,27,,否,高价值沉睡用户,
U00003356,女,19,,否,潜力发展用户,
U00003357,女,58,,否,核心价值用户,
U00003358,女,41,,是,高价值沉睡用户,
U00003359,女,35,,是,高价值沉睡用户,
U00003360,男,47,,否,高价值沉睡用户,
U00003361,女,49,,是,高价值沉睡用户,
U00003362,女,40,,否,高价值沉睡用户,
U00003363,男,21,,否,核心价值用户,
U00003364,男,46,,否,核心价值用户,
U00003365,男,20,,是,潜力发展用户,
U00003366,男,52,,否,高价值沉睡用户,
U00003367,男,32,,是,潜力发展用户,
U00003368,男,26,,是,潜力发展用户,
U00003369,男,65,,否,核心价值用户,
U00003370,女,64,,否,核心价值用户,
U00003371,女,24,,是,核心价值用户,
U00003372,女,38,,否,核心价值用户,
U00003373,女,55,,否,核心价值用户,
U00003374,女,28,,是,潜力发展用户,
U00003375,男,60,,是,低价值/流失用户,
U00003376,女,35,,是,高价值沉睡用户,
U00003377,女,65,,否,潜力发展用户,
U00003378,女,62,,是,潜力发展用户,
U00003379,男,24,,否,高价值沉睡用户,
U00003380,男,48,,否,高价值沉睡用户,
U00003381,女,30,,否,低价值/流失用户,
U00003382,女,42,,否,高价值沉睡用户,
U00003383,女,56,,否,低价值/流失用户,
U00003384,女,45,,否,高价值沉睡用户,
U00003385,男,64,,否,核心价值用户,
U00003386,男,37,,否,潜力发展用户,
U00003387,女,21,,否,高价值沉睡用户,
U00003388,女,20,,否,潜力发展用户,
U00003389,女,27,,是,潜力发展用户,
U00003390,女,39,,是,核心价值用户,
U00003391,女,30,,否,核心价值用户,
U00003392,男,28,,否,核心价值用户,
U00003393,女,29,,是,核心价值用户,
U00003394,男,38,,否,核心价值用户,
U00003395,女,31,,否,潜力发展用户,
U00003396,女,58,,是,高价值沉睡用户,
U00003397,女,21,,否,潜力发展用户,
U00003398,女,52,,是,潜力发展用户,
U00003399,女,37,,是,潜力发展用户,
U00003400,女,64,,否,核心价值用户,
U00003401,男,45,,否,潜力发展用户,
U00003402,女,59,,否,核心价值用户,
U00003403,男,27,,否,潜力发展用户,
U00003404,女,39,,否,潜力发展用户,
U00003405,女,47,,否,潜力发展用户,
U00003406,女,44,,否,核心价值用户,
U00003407,女,28,,是,高价值沉睡用户,
U00003408,女,46,,是,潜力发展用户,
U00003409,女,46,,是,高价值沉睡用户,
U00003410,男,35,,否,核心价值用户,
U00003411,女,33,,是,核心价值用户,
U00003412,女,53,,否,高价值沉睡用户,
U00003413,男,41,,是,高价值沉睡用户,
U00003414,男,19,,是,高价值沉睡用户,
U00003415,女,56,,否,核心价值用户,
U00003416,女,53,,否,核心价值用户,
U00003417,男,65,,否,核心价值用户,
U00003418,男,59,,是,潜力发展用户,
U00003419,女,21,,否,低价值/流失用户,
U00003420,女,36,,否,潜力发展用户,
U00003421,男,33,,否,潜力发展用户,
U00003422,女,41,,否,核心价值用户,
U00003423,女,45,,否,潜力发展用户,
U00003424,女,49,,否,高价值沉睡用户,
U00003425,女,24,,是,高价值沉睡用户,
U00003426,女,60,,是,核心价值用户,
U00003427,女,33,,否,高价值沉睡用户,
U00003428,女,24,,是,高价值沉睡用户,
U00003429,女,46,,否,核心价值用户,
U00003430,女,29,,否,潜力发展用户,
U00003431,女,55,,是,潜力发展用户,
U00003432,女,33,,否,核心价值用户,
U00003433,女,46,,否,高价值沉睡用户,
U00003434,男,39,,否,潜力发展用户,
U00003435,男,37,,否,高价值沉睡用户,
U00003436,男,48,,是,核心价值用户,
U00003437,女,35,,否,高价值沉睡用户,
U00003438,女,24,,否,核心价值用户,
U00003439,女,65,,是,潜力发展用户,
U00003440,女,23,,否,核心价值用户,
U00003441,女,22,,是,潜力发展用户,
U00003442,女,40,,是,核心价值用户,
U00003443,女,20,,否,高价值沉睡用户,
U00003444,女,54,,否,核心价值用户,
U00003445,女,63,,是,高价值沉睡用户,
U00003446,男,56,,否,潜力发展用户,
U00003447,女,32,,否,潜力发展用户,
U00003448,男,38,,否,潜力发展用户,
U00003449,男,55,,是,核心价值用户,
U00003450,女,62,,是,高价值沉睡用户,
U00003451,女,33,,是,高价值沉睡用户,
U00003452,女,25,,是,核心价值用户,
U00003453,女,40,,是,潜力发展用户,
U00003454,女,46,,是,高价值沉睡用户,
U00003455,男,34,,否,低价值/流失用户,
U00003456,女,28,,否,潜力发展用户,
U00003457,女,57,,否,高价值沉睡用户,
U00003458,女,61,,是,核心价值用户,
U00003459,女,23,,否,核心价值用户,
U00003460,男,46,,是,高价值沉睡用户,
U00003461,女,61,,否,高价值沉睡用户,
U00003462,男,46,,否,核心价值用户,
U00003463,女,47,,否,核心价值用户,
U00003464,男,37,,是,高价值沉睡用户,
U00003465,男,27,,否,高价值沉睡用户,
U00003466,女,42,,是,潜力发展用户,
U00003467,女,30,,否,潜力发展用户,
U00003468,女,31,,否,高价值沉睡用户,
U00003469,女,42,,是,潜力发展用户,
U00003470,女,24,,否,核心价值用户,
U00003471,女,23,,是,高价值沉睡用户,
U00003472,女,41,,否,高价值沉睡用户,
U00003473,女,61,,是,低价值/流失用户,
U00003474,女,58,,否,核心价值用户,
U00003475,男,41,,否,潜力发展用户,
U00003476,男,53,,否,高价值沉睡用户,
U00003477,女,48,,否,高价值沉睡用户,
U00003478,男,36,,是,潜力发展用户,
U00003479,女,61,,否,低价值/流失用户,
U00003480,女,57,,否,潜力发展用户,
U00003481,女,64,,否,潜力发展用户,
U00003482,女,52,,是,潜力发展用户,
U00003483,男,38,,否,潜力发展用户,
U00003484,男,35,,否,潜力发展用户,
U00003485,女,58,,否,潜力发展用户,
U00003486,女,19,,否,核心价值用户,
U00003487,男,42,,是,核心价值用户,
U00003488,男,50,,是,核心价值用户,
U00003489,男,30,,否,潜力发展用户,
U00003490,女,38,,否,低价值/流失用户,
U00003491,男,21,,否,核心价值用户,
U00003492,女,48,,否,高价值沉睡用户,
U00003493,女,22,,是,潜力发展用户,
U00003494,女,19,,否,高价值沉睡用户,
U00003495,女,61,,是,核心价值用户,
U00003496,男,61,,否,高价值沉睡用户,
U00003497,女,29,,否,潜力发展用户,
U00003498,女,21,,否,高价值沉睡用户,
U00003499,女,35,,是,潜力发展用户,
U00003500,女,33,,是,低价值/流失用户,
U00003501,女,45,,是,潜力发展用户,
U00003502,女,40,,是,低价值/流失用户,
U00003503,女,58,,是,核心价值用户,
U00003504,女,33,,否,低价值/流失用户,
U00003505,男,23,,是,潜力发展用户,
U00003506,男,62,,是,高价值沉睡用户,
U00003507,女,19,,是,高价值沉睡用户,
U00003508,男,57,,是,核心价值用户,
U00003509,女,33,,是,潜力发展用户,
U00003510,女,22,,否,高价值沉睡用户,
U00003511,女,54,,否,核心价值用户,
U00003512,女,37,,否,潜力发展用户,
U00003513,男,18,,是,低价值/流失用户,
U00003514,男,23,,否,高价值沉睡用户,
U00003515,女,25,,否,高价值沉睡用户,
U00003516,男,43,,否,高价值沉睡用户,
U00003517,女,62,,否,潜力发展用户,
U00003518,女,27,,否,高价值沉睡用户,
U00003519,女,35,,是,高价值沉睡用户,
U00003520,女,45,,否,高价值沉睡用户,
U00003521,女,59,,是,低价值/流失用户,
U00003522,女,41,,否,高价值沉睡用户,
U00003523,女,62,,是,低价值/流失用户,
U00003524,女,52,,是,潜力发展用户,
U00003525,男,32,,否,核心价值用户,
U00003526,女,27,,否,潜力发展用户,
U00003527,女,38,,是,核心价值用户,
U00003528,女,21,,否,高价值沉睡用户,
U00003529,女,49,,否,潜力发展用户,
U00003530,男,26,,是,核心价值用户,
U00003531,女,43,,是,低价值/流失用户,
U00003532,女,21,,否,潜力发展用户,
U00003533,女,26,,是,潜力发展用户,
U00003534,男,47,,否,高价值沉睡用户,
U00003535,男,20,,否,高价值沉睡用户,
U00003536,女,48,,否,潜力发展用户,
U00003537,女,41,,是,核心价值用户,
U00003538,女,58,,是,核心价值用户,
U00003539,女,65,,否,核心价值用户,
U00003540,女,27,,否,核心价值用户,
U00003541,男,49,,否,潜力发展用户,
U00003542,女,37,,是,高价值沉睡用户,
U00003543,女,37,,是,低价值/流失用户,
U00003544,女,20,,是,核心价值用户,
U00003545,女,33,,是,潜力发展用户,
U00003546,男,22,,是,潜力发展用户,
U00003547,女,46,,否,潜力发展用户,
U00003548,女,23,,是,潜力发展用户,
U00003549,女,20,,否,核心价值用户,
U00003550,女,38,,是,高价值沉睡用户,
U00003551,女,24,,是,核心价值用户,
U00003552,女,33,,否,潜力发展用户,
U00003553,女,50,,否,核心价值用户,
U00003554,男,39,,否,高价值沉睡用户,
U00003555,女,53,,否,潜力发展用户,
U00003556,女,47,,否,核心价值用户,
U00003557,女,29,,否,核心价值用户,
U00003558,女,57,,是,高价值沉睡用户,
U00003559,女,41,,是,潜力发展用户,
U00003560,女,26,,是,核心价值用户,
U00003561,女,53,,是,潜力发展用户,
U00003562,男,33,,否,高价值沉睡用户,
U00003563,男,38,,否,高价值沉睡用户,
U00003564,女,26,,否,核心价值用户,
U00003565,男,63,,是,核心价值用户,
U00003566,女,34,,否,核心价值用户,
U00003567,男,51,,是,潜力发展用户,
U00003568,女,32,,是,潜力发展用户,
U00003569,女,58,,否,核心价值用户,
U00003570,女,50,,否,潜力发展用户,
U00003571,女,44,,否,高价值沉睡用户,
U00003572,女,48,,是,核心价值用户,
U00003573,女,23,,否,潜力发展用户,
U00003574,男,20,,是,潜力发展用户,
U00003575,女,38,,是,核心价值用户,
U00003576,女,43,,否,核心价值用户,
U00003577,男,25,,否,高价值沉睡用户,
U00003578,男,22,,是,核心价值用户,
U00003579,女,24,,否,核心价值用户,
U00003580,女,36,,否,低价值/流失用户,
U00003581,男,31,,是,核心价值用户,
U00003582,女,34,,否,核心价值用户,
U00003583,女,34,,否,潜力发展用户,
U00003584,男,50,,否,高价值沉睡用户,
U00003585,女,45,,是,核心价值用户,
U00003586,女,59,,否,潜力发展用户,
U00003587,女,56,,否,低价值/流失用户,
U00003588,女,30,,否,潜力发展用户,
U00003589,女,53,,否,核心价值用户,
U00003590,女,20,,是,高价值沉睡用户,
U00003591,男,20,,否,高价值沉睡用户,
U00003592,女,26,,是,高价值沉睡用户,
U00003593,女,24,,否,高价值沉睡用户,
U00003594,女,56,,否,潜力发展用户,
U00003595,男,60,,是,高价值沉睡用户,
U00003596,女,29,,是,核心价值用户,
U00003597,女,25,,是,核心价值用户,
U00003598,女,40,,是,潜力发展用户,
U00003599,女,63,,否,高价值沉睡用户,
U00003600,女,26,,是,核心价值用户,
U00003601,男,40,,否,高价值沉睡用户,
U00003602,女,43,,否,潜力发展用户,
U00003603,女,18,,是,潜力发展用户,
U00003604,女,55,,是,核心价值用户,
U00003605,女,58,,否,高价值沉睡用户,
U00003606,男,28,,否,高价值沉睡用户,
U00003607,女,60,,否,低价值/流失用户,
U00003608,男,55,,否,核心价值用户,
U00003609,女,45,,否,高价值沉睡用户,
U00003610,男,42,,是,潜力发展用户,
U00003611,女,52,,是,高价值沉睡用户,
U00003612,女,36,,是,低价值/流失用户,
U00003613,女,39,,是,高价值沉睡用户,
U00003614,男,50,,是,高价值沉睡用户,
U00003615,女,44,,是,核心价值用户,
U00003616,女,43,,否,低价值/流失用户,
U00003617,女,40,,是,核心价值用户,
U00003618,男,51,,是,高价值沉睡用户,
U00003619,女,43,,否,核心价值用户,
U00003620,女,32,,是,低价值/流失用户,
U00003621,女,46,,否,核心价值用户,
U00003622,女,39,,否,高价值沉睡用户,
U00003623,女,29,,否,高价值沉睡用户,
U00003624,男,34,,否,潜力发展用户,
U00003625,女,33,,否,潜力发展用户,
U00003626,女,47,,否,潜力发展用户,
U00003627,女,53,,是,高价值沉睡用户,
U00003628,女,47,,否,潜力发展用户,
U00003629,男,47,,否,核心价值用户,
U00003630,女,29,,否,核心价值用户,
U00003631,男,45,,否,核心价值用户,
U00003632,女,59,,是,高价值沉睡用户,
U00003633,男,43,,否,高价值沉睡用户,
U00003634,女,49,,是,潜力发展用户,
U00003635,女,55,,是,核心价值用户,
U00003636,女,19,,否,核心价值用户,
U00003637,女,43,,否,核心价值用户,
U00003638,女,34,,是,核心价值用户,
U00003639,女,23,,是,潜力发展用户,
U00003640,女,36,,否,高价值沉睡用户,
U00003641,男,46,,否,潜力发展用户,
U00003642,男,34,,否,核心价值用户,
U00003643,女,50,,是,高价值沉睡用户,
U00003644,女,47,,否,潜力发展用户,
U00003645,女,50,,否,核心价值用户,
U00003646,男,50,,否,低价值/流失用户,
U00003647,男,23,,否,潜力发展用户,
U00003648,女,24,,否,潜力发展用户,
U00003649,女,33,,否,高价值沉睡用户,
U00003650,女,47,,否,核心价值用户,
U00003651,女,59,,是,高价值沉睡用户,
U00003652,男,65,,否,潜力发展用户,
U00003653,女,51,,是,核心价值用户,
U00003654,女,62,,是,核心价值用户,
U00003655,男,19,,是,潜力发展用户,
U00003656,女,52,,否,核心价值用户,
U00003657,女,22,,否,核心价值用户,
U00003658,男,56,,否,核心价值用户,
U00003659,女,21,,是,高价值沉睡用户,
U00003660,男,42,,否,高价值沉睡用户,
U00003661,女,49,,否,低价值/流失用户,
U00003662,女,23,,否,高价值沉睡用户,
U00003663,女,45,,是,核心价值用户,
U00003664,女,38,,是,潜力发展用户,
U00003665,女,65,,否,低价值/流失用户,
U00003666,女,21,,否,高价值沉睡用户,
U00003667,女,21,,否,高价值沉睡用户,
U00003668,女,61,,否,潜力发展用户,
U00003669,女,20,,是,低价值/流失用户,
U00003670,女,38,,是,潜力发展用户,
U00003671,女,57,,否,核心价值用户,
U00003672,女,64,,是,高价值沉睡用户,
U00003673,女,33,,否,核心价值用户,
U00003674,女,28,,是,潜力发展用户,
U00003675,女,64,,否,潜力发展用户,
U00003676,男,28,,否,高价值沉睡用户,
U00003677,女,45,,否,潜力发展用户,
U00003678,女,46,,是,高价值沉睡用户,
U00003679,女,28,,否,高价值沉睡用户,
U00003680,男,47,,否,高价值沉睡用户,
U00003681,男,45,,否,核心价值用户,
U00003682,女,50,,是,高价值沉睡用户,
U00003683,女,39,,是,核心价值用户,
U00003684,女,45,,否,高价值沉睡用户,
U00003685,女,48,,是,低价值/流失用户,
U00003686,女,19,,否,潜力发展用户,
U00003687,男,19,,否,高价值沉睡用户,
U00003688,男,49,,否,高价值沉睡用户,
U00003689,男,37,,否,低价值/流失用户,
U00003690,男,46,,否,高价值沉睡用户,
U00003691,女,28,,否,潜力发展用户,
U00003692,女,41,,否,潜力发展用户,
U00003693,女,33,,是,核心价值用户,
U00003694,女,28,,是,高价值沉睡用户,
U00003695,女,18,,否,核心价值用户,
U00003696,女,45,,否,核心价值用户,
U00003697,男,42,,是,核心价值用户,
U00003698,女,41,,是,潜力发展用户,
U00003699,女,31,,否,潜力发展用户,
U00003700,男,33,,否,低价值/流失用户,
U00003701,女,34,,否,低价值/流失用户,
U00003702,女,65,,否,核心价值用户,
U00003703,男,58,,否,低价值/流失用户,
U00003704,男,27,,否,高价值沉睡用户,
U00003705,女,38,,否,潜力发展用户,
U00003706,女,30,,是,低价值/流失用户,
U00003707,男,62,,是,核心价值用户,
U00003708,男,39,,否,潜力发展用户,
U00003709,男,31,,否,高价值沉睡用户,
U00003710,男,26,,是,潜力发展用户,
U00003711,男,53,,否,高价值沉睡用户,
U00003712,女,55,,是,潜力发展用户,
U00003713,女,54,,是,低价值/流失用户,
U00003714,女,60,,否,高价值沉睡用户,
U00003715,女,25,,否,潜力发展用户,
U00003716,男,45,,否,核心价值用户,
U00003717,女,28,,是,潜力发展用户,
U00003718,女,36,,否,低价值/流失用户,
U00003719,女,34,,否,潜力发展用户,
U00003720,男,30,,否,高价值沉睡用户,
U00003721,女,32,,是,潜力发展用户,
U00003722,女,30,,否,低价值/流失用户,
U00003723,女,26,,否,高价值沉睡用户,
U00003724,男,29,,否,高价值沉睡用户,
U00003725,男,59,,否,核心价值用户,
U00003726,男,40,,否,核心价值用户,
U00003727,女,62,,是,核心价值用户,
U00003728,男,21,,否,高价值沉睡用户,
U00003729,男,40,,是,核心价值用户,
U00003730,女,59,,是,潜力发展用户,
U00003731,女,57,,否,潜力发展用户,
U00003732,男,60,,否,潜力发展用户,
U00003733,女,28,,是,潜力发展用户,
U00003734,女,39,,否,高价值沉睡用户,
U00003735,女,18,,否,潜力发展用户,
U00003736,女,49,,否,高价值沉睡用户,
U00003737,女,48,,是,潜力发展用户,
U00003738,女,37,,否,潜力发展用户,
U00003739,女,51,,是,高价值沉睡用户,
U00003740,女,18,,否,核心价值用户,
U00003741,男,24,,是,高价值沉睡用户,
U00003742,女,39,,是,核心价值用户,
U00003743,女,49,,是,潜力发展用户,
U00003744,女,39,,是,核心价值用户,
U00003745,男,65,,是,低价值/流失用户,
U00003746,女,28,,否,核心价值用户,
U00003747,女,44,,否,潜力发展用户,
U00003748,女,65,,是,潜力发展用户,
U00003749,女,44,,否,潜力发展用户,
U00003750,女,57,,否,高价值沉睡用户,
U00003751,男,27,,否,低价值/流失用户,
U00003752,女,57,,否,潜力发展用户,
U00003753,女,35,,是,低价值/流失用户,
U00003754,女,59,,否,高价值沉睡用户,
U00003755,男,42,,是,核心价值用户,
U00003756,女,43,,否,核心价值用户,
U00003757,女,31,,是,潜力发展用户,
U00003758,男,58,,否,潜力发展用户,
U00003759,男,29,,是,潜力发展用户,
U00003760,女,62,,否,高价值沉睡用户,
U00003761,女,49,,否,高价值沉睡用户,
U00003762,女,30,,否,低价值/流失用户,
U00003763,女,58,,否,核心价值用户,
U00003764,女,56,,否,高价值沉睡用户,
U00003765,女,42,,否,潜力发展用户,
U00003766,女,54,,是,高价值沉睡用户,
U00003767,女,30,,否,核心价值用户,
U00003768,男,43,,否,潜力发展用户,
U00003769,男,47,,是,高价值沉睡用户,
U00003770,女,53,,否,低价值/流失用户,
U00003771,女,57,,是,高价值沉睡用户,
U00003772,女,59,,是,低价值/流失用户,
U00003773,女,57,,是,核心价值用户,
U00003774,女,40,,是,潜力发展用户,
U00003775,女,45,,否,高价值沉睡用户,
U00003776,女,33,,否,高价值沉睡用户,
U00003777,女,47,,否,高价值沉睡用户,
U00003778,女,63,,否,潜力发展用户,
U00003779,男,36,,是,核心价值用户,
U00003780,女,35,,否,潜力发展用户,
U00003781,女,27,,否,核心价值用户,
U00003782,女,35,,否,核心价值用户,
U00003783,男,57,,否,潜力发展用户,
U00003784,女,55,,否,潜力发展用户,
U00003785,女,34,,是,核心价值用户,
U00003786,女,38,,否,核心价值用户,
U00003787,女,27,,否,核心价值用户,
U00003788,女,37,,是,核心价值用户,
U00003789,女,34,,否,核心价值用户,
U00003790,男,42,,是,潜力发展用户,
U00003791,男,49,,否,核心价值用户,
U00003792,女,28,,否,核心价值用户,
U00003793,男,43,,否,潜力发展用户,
U00003794,女,63,,是,潜力发展用户,
U00003795,女,49,,否,高价值沉睡用户,
U00003796,女,53,,否,核心价值用户,
U00003797,女,35,,否,潜力发展用户,
U00003798,女,49,,是,高价值沉睡用户,
U00003799,女,55,,否,高价值沉睡用户,
U00003800,女,55,,否,低价值/流失用户,
U00003801,女,23,,否,核心价值用户,
U00003802,女,20,,否,核心价值用户,
U00003803,男,51,,是,核心价值用户,
U00003804,女,26,,是,低价值/流失用户,
U00003805,男,32,,否,潜力发展用户,
U00003806,女,52,,否,低价值/流失用户,
U00003807,男,22,,是,低价值/流失用户,
U00003808,男,52,,否,潜力发展用户,
U00003809,女,44,,否,核心价值用户,
U00003810,女,25,,否,高价值沉睡用户,
U00003811,女,24,,否,高价值沉睡用户,
U00003812,女,64,,否,高价值沉睡用户,
U00003813,男,36,,否,潜力发展用户,
U00003814,男,24,,是,潜力发展用户,
U00003815,女,65,,否,核心价值用户,
U00003816,女,42,,是,潜力发展用户,
U00003817,男,44,,是,潜力发展用户,
U00003818,女,58,,是,高价值沉睡用户,
U00003819,男,40,,否,潜力发展用户,
U00003820,女,56,,是,核心价值用户,
U00003821,女,24,,是,核心价值用户,
U00003822,男,44,,否,低价值/流失用户,
U00003823,男,64,,是,潜力发展用户,
U00003824,女,38,,是,潜力发展用户,
U00003825,女,56,,是,核心价值用户,
U00003826,女,44,,否,核心价值用户,
U00003827,女,30,,否,高价值沉睡用户,
U00003828,女,59,,是,低价值/流失用户,
U00003829,男,56,,是,核心价值用户,
U00003830,男,61,,是,潜力发展用户,
U00003831,男,64,,是,低价值/流失用户,
U00003832,女,65,,否,潜力发展用户,
U00003833,男,25,,否,潜力发展用户,
U00003834,男,49,,是,核心价值用户,
U00003835,女,52,,是,低价值/流失用户,
U00003836,女,35,,是,核心价值用户,
U00003837,女,49,,是,高价值沉睡用户,
U00003838,女,35,,否,潜力发展用户,
U00003839,女,51,,否,潜力发展用户,
U00003840,女,50,,否,高价值沉睡用户,
U00003841,女,60,,是,高价值沉睡用户,
U00003842,女,37,,是,高价值沉睡用户,
U00003843,女,49,,否,低价值/流失用户,
U00003844,女,33,,否,低价值/流失用户,
U00003845,女,50,,否,核心价值用户,
U00003846,男,59,,否,潜力发展用户,
U00003847,女,29,,是,高价值沉睡用户,
U00003848,男,62,,否,核心价值用户,
U00003849,女,45,,否,高价值沉睡用户,
U00003850,女,56,,是,高价值沉睡用户,
U00003851,男,41,,否,潜力发展用户,
U00003852,女,44,,否,潜力发展用户,
U00003853,女,50,,是,核心价值用户,
U00003854,女,50,,是,潜力发展用户,
U00003855,女,37,,是,潜力发展用户,
U00003856,女,43,,否,核心价值用户,
U00003857,女,24,,是,核心价值用户,
U00003858,女,27,,否,低价值/流失用户,
U00003859,男,51,,否,潜力发展用户,
U00003860,男,23,,否,核心价值用户,
U00003861,男,60,,是,高价值沉睡用户,
U00003862,女,37,,否,核心价值用户,
U00003863,女,60,,否,核心价值用户,
U00003864,女,47,,是,高价值沉睡用户,
U00003865,女,60,,是,核心价值用户,
U00003866,女,62,,否,高价值沉睡用户,
U00003867,男,44,,是,潜力发展用户,
U00003868,女,54,,否,高价值沉睡用户,
U00003869,女,30,,否,核心价值用户,
U00003870,女,18,,否,潜力发展用户,
U00003871,女,27,,否,潜力发展用户,
U00003872,男,42,,是,核心价值用户,
U00003873,女,48,,否,潜力发展用户,
U00003874,女,49,,否,潜力发展用户,
U00003875,女,56,,否,高价值沉睡用户,
U00003876,女,60,,否,核心价值用户,
U00003877,女,63,,否,潜力发展用户,
U00003878,女,38,,否,潜力发展用户,
U00003879,女,65,,否,高价值沉睡用户,
U00003880,女,54,,否,高价值沉睡用户,
U00003881,女,41,,否,潜力发展用户,
U00003882,女,56,,是,核心价值用户,
U00003883,女,45,,否,潜力发展用户,
U00003884,男,55,,否,高价值沉睡用户,
U00003885,女,51,,是,潜力发展用户,
U00003886,女,50,,否,低价值/流失用户,
U00003887,女,39,,否,潜力发展用户,
U00003888,女,31,,否,核心价值用户,
U00003889,女,18,,否,潜力发展用户,
U00003890,女,63,,是,潜力发展用户,
U00003891,女,37,,否,潜力发展用户,
U00003892,男,40,,否,核心价值用户,
U00003893,女,40,,是,核心价值用户,
U00003894,女,43,,否,核心价值用户,
U00003895,女,28,,否,潜力发展用户,
U00003896,女,20,,是,核心价值用户,
U00003897,女,61,,否,高价值沉睡用户,
U00003898,女,62,,是,核心价值用户,
U00003899,女,52,,是,潜力发展用户,
U00003900,女,65,,是,低价值/流失用户,
U00003901,女,24,,是,低价值/流失用户,
U00003902,女,26,,是,潜力发展用户,
U00003903,男,60,,是,核心价值用户,
U00003904,男,24,,否,核心价值用户,
U00003905,女,62,,否,潜力发展用户,
U00003906,女,56,,是,高价值沉睡用户,
U00003907,女,31,,是,核心价值用户,
U00003908,男,26,,是,核心价值用户,
U00003909,女,28,,否,核心价值用户,
U00003910,女,22,,是,高价值沉睡用户,
U00003911,男,29,,是,高价值沉睡用户,
U00003912,女,22,,否,潜力发展用户,
U00003913,女,33,,是,潜力发展用户,
U00003914,女,37,,是,高价值沉睡用户,
U00003915,女,22,,是,潜力发展用户,
U00003916,女,37,,否,潜力发展用户,
U00003917,女,46,,否,低价值/流失用户,
U00003918,女,60,,是,高价值沉睡用户,
U00003919,女,22,,是,潜力发展用户,
U00003920,女,26,,否,高价值沉睡用户,
U00003921,女,65,,否,高价值沉睡用户,
U00003922,女,30,,是,核心价值用户,
U00003923,女,59,,是,潜力发展用户,
U00003924,男,39,,否,高价值沉睡用户,
U00003925,女,55,,否,潜力发展用户,
U00003926,男,41,,否,潜力发展用户,
U00003927,女,65,,是,潜力发展用户,
U00003928,女,63,,否,潜力发展用户,
U00003929,女,57,,否,潜力发展用户,
U00003930,男,40,,是,低价值/流失用户,
U00003931,女,64,,否,核心价值用户,
U00003932,女,40,,否,潜力发展用户,
U00003933,女,36,,是,核心价值用户,
U00003934,男,18,,是,潜力发展用户,
U00003935,女,43,,否,潜力发展用户,
U00003936,女,20,,否,高价值沉睡用户,
U00003937,女,40,,是,低价值/流失用户,
U00003938,男,21,,是,潜力发展用户,
U00003939,女,27,,是,潜力发展用户,
U00003940,男,34,,是,潜力发展用户,
U00003941,女,57,,否,低价值/流失用户,
U00003942,女,39,,否,核心价值用户,
U00003943,女,56,,是,潜力发展用户,
U00003944,女,44,,是,潜力发展用户,
U00003945,男,21,,否,核心价值用户,
U00003946,男,25,,是,潜力发展用户,
U00003947,男,28,,否,潜力发展用户,
U00003948,男,47,,否,高价值沉睡用户,
U00003949,男,46,,是,核心价值用户,
U00003950,女,51,,否,潜力发展用户,
U00003951,女,26,,是,潜力发展用户,
U00003952,女,23,,是,高价值沉睡用户,
U00003953,男,18,,是,潜力发展用户,
U00003954,女,45,,是,潜力发展用户,
U00003955,女,54,,否,高价值沉睡用户,
U00003956,男,18,,否,核心价值用户,
U00003957,女,50,,否,高价值沉睡用户,
U00003958,女,52,,是,高价值沉睡用户,
U00003959,女,65,,是,潜力发展用户,
U00003960,女,50,,是,低价值/流失用户,
U00003961,男,31,,否,核心价值用户,
U00003962,女,39,,是,核心价值用户,
U00003963,女,58,,否,潜力发展用户,
U00003964,男,38,,否,潜力发展用户,
U00003965,女,47,,是,核心价值用户,
U00003966,男,53,,是,潜力发展用户,
U00003967,女,32,,是,高价值沉睡用户,
U00003968,男,33,,是,潜力发展用户,
U00003969,男,28,,是,核心价值用户,
U00003970,女,57,,否,潜力发展用户,
U00003971,男,52,,是,核心价值用户,
U00003972,女,65,,否,潜力发展用户,
U00003973,女,49,,否,潜力发展用户,
U00003974,女,53,,是,潜力发展用户,
U00003975,女,51,,是,高价值沉睡用户,
U00003976,女,34,,否,潜力发展用户,
U00003977,女,30,,否,潜力发展用户,
U00003978,女,20,,否,核心价值用户,
U00003979,女,43,,否,潜力发展用户,
U00003980,男,59,,是,低价值/流失用户,
U00003981,女,57,,是,高价值沉睡用户,
U00003982,男,58,,是,潜力发展用户,
U00003983,男,59,,是,高价值沉睡用户,
U00003984,女,46,,否,核心价值用户,
U00003985,女,37,,是,核心价值用户,
U00003986,女,65,,是,高价值沉睡用户,
U00003987,女,35,,否,潜力发展用户,
U00003988,女,48,,是,高价值沉睡用户,
U00003989,女,25,,否,低价值/流失用户,
U00003990,女,60,,是,潜力发展用户,
U00003991,女,65,,是,核心价值用户,
U00003992,男,21,,是,高价值沉睡用户,
U00003993,男,22,,是,低价值/流失用户,
U00003994,女,41,,是,高价值沉睡用户,
U00003995,女,35,,否,核心价值用户,
U00003996,女,24,,否,高价值沉睡用户,
U00003997,女,55,,是,潜力发展用户,
U00003998,女,26,,是,核心价值用户,
U00003999,女,33,,是,潜力发展用户,
U00004000,男,50,,否,核心价值用户,
U00004001,男,38,,否,核心价值用户,
U00004002,男,62,,否,核心价值用户,
U00004003,女,37,,否,潜力发展用户,
U00004004,女,63,,否,潜力发展用户,
U00004005,女,43,,是,潜力发展用户,
U00004006,女,44,,是,核心价值用户,
U00004007,女,43,,否,高价值沉睡用户,
U00004008,女,33,,是,潜力发展用户,
U00004009,女,37,,是,核心价值用户,
U00004010,男,30,,否,高价值沉睡用户,
U00004011,女,41,,是,低价值/流失用户,
U00004012,女,45,,否,核心价值用户,
U00004013,女,62,,是,潜力发展用户,
U00004014,女,56,,否,高价值沉睡用户,
U00004015,女,30,,否,潜力发展用户,
U00004016,男,20,,是,潜力发展用户,
U00004017,男,49,,是,潜力发展用户,
U00004018,女,33,,否,核心价值用户,
U00004019,女,53,,是,核心价值用户,
U00004020,女,21,,是,潜力发展用户,
U00004021,女,59,,是,潜力发展用户,
U00004022,女,28,,否,核心价值用户,
U00004023,女,50,,是,潜力发展用户,
U00004024,女,21,,否,核心价值用户,
U00004025,女,42,,否,核心价值用户,
U00004026,女,57,,否,潜力发展用户,
U00004027,男,34,,否,核心价值用户,
U00004028,女,21,,是,潜力发展用户,
U00004029,女,19,,否,潜力发展用户,
U00004030,男,26,,否,低价值/流失用户,
U00004031,女,54,,否,高价值沉睡用户,
U00004032,女,22,,是,核心价值用户,
U00004033,女,31,,是,核心价值用户,
U00004034,女,45,,否,高价值沉睡用户,
U00004035,男,59,,否,高价值沉睡用户,
U00004036,女,40,,是,核心价值用户,
U00004037,男,36,,否,低价值/流失用户,
U00004038,女,49,,否,高价值沉睡用户,
U00004039,男,43,,是,潜力发展用户,
U00004040,女,27,,否,低价值/流失用户,
U00004041,男,62,,是,潜力发展用户,
U00004042,女,46,,是,核心价值用户,
U00004043,女,43,,是,潜力发展用户,
U00004044,女,24,,是,核心价值用户,
U00004045,女,18,,否,潜力发展用户,
U00004046,男,26,,否,高价值沉睡用户,
U00004047,男,49,,否,高价值沉睡用户,
U00004048,女,60,,否,高价值沉睡用户,
U00004049,男,34,,否,潜力发展用户,
U00004050,男,37,,是,潜力发展用户,
U00004051,女,46,,否,潜力发展用户,
U00004052,女,50,,否,潜力发展用户,
U00004053,男,42,,是,潜力发展用户,
U00004054,男,40,,是,低价值/流失用户,
U00004055,女,40,,是,潜力发展用户,
U00004056,女,60,,否,潜力发展用户,
U00004057,女,51,,是,高价值沉睡用户,
U00004058,女,57,,否,核心价值用户,
U00004059,男,61,,否,高价值沉睡用户,
U00004060,男,18,,否,潜力发展用户,
U00004061,女,28,,否,潜力发展用户,
U00004062,男,19,,是,潜力发展用户,
U00004063,女,48,,否,低价值/流失用户,
U00004064,女,24,,是,潜力发展用户,
U00004065,女,26,,否,核心价值用户,
U00004066,女,23,,是,潜力发展用户,
U00004067,女,22,,否,高价值沉睡用户,
U00004068,女,63,,否,高价值沉睡用户,
U00004069,女,51,,否,低价值/流失用户,
U00004070,女,63,,否,低价值/流失用户,
U00004071,女,49,,否,潜力发展用户,
U00004072,女,47,,是,高价值沉睡用户,
U00004073,女,27,,否,核心价值用户,
U00004074,男,35,,是,潜力发展用户,
U00004075,男,21,,是,潜力发展用户,
U00004076,女,35,,否,高价值沉睡用户,
U00004077,男,55,,否,核心价值用户,
U00004078,女,64,,是,高价值沉睡用户,
U00004079,女,33,,是,高价值沉睡用户,
U00004080,男,42,,否,高价值沉睡用户,
U00004081,女,49,,否,核心价值用户,
U00004082,男,46,,否,低价值/流失用户,
U00004083,男,35,,否,核心价值用户,
U00004084,女,29,,否,低价值/流失用户,
U00004085,男,57,,是,核心价值用户,
U00004086,女,43,,是,高价值沉睡用户,
U00004087,女,56,,否,核心价值用户,
U00004088,女,33,,否,核心价值用户,
U00004089,女,40,,是,潜力发展用户,
U00004090,女,26,,是,潜力发展用户,
U00004091,女,50,,否,核心价值用户,
U00004092,女,43,,否,潜力发展用户,
U00004093,女,57,,是,潜力发展用户,
U00004094,女,55,,否,低价值/流失用户,
U00004095,女,42,,否,高价值沉睡用户,
U00004096,男,54,,否,潜力发展用户,
U00004097,女,57,,否,潜力发展用户,
U00004098,女,47,,否,潜力发展用户,
U00004099,女,54,,否,低价值/流失用户,
U00004100,女,36,,否,潜力发展用户,
U00004101,女,20,,否,高价值沉睡用户,
U00004102,女,42,,是,潜力发展用户,
U00004103,男,56,,否,核心价值用户,
U00004104,女,65,,是,核心价值用户,
U00004105,男,27,,否,核心价值用户,
U00004106,女,57,,否,核心价值用户,
U00004107,女,62,,否,潜力发展用户,
U00004108,女,56,,否,潜力发展用户,
U00004109,女,44,,否,高价值沉睡用户,
U00004110,男,49,,是,潜力发展用户,
U00004111,女,30,,是,潜力发展用户,
U00004112,男,36,,是,潜力发展用户,
U00004113,女,26,,是,核心价值用户,
U00004114,女,39,,是,核心价值用户,
U00004115,男,61,,是,核心价值用户,
U00004116,女,34,,否,核心价值用户,
U00004117,男,29,,否,潜力发展用户,
U00004118,男,19,,否,核心价值用户,
U00004119,男,29,,否,低价值/流失用户,
U00004120,男,41,,否,潜力发展用户,
U00004121,男,38,,否,高价值沉睡用户,
U00004122,男,41,,否,低价值/流失用户,
U00004123,男,58,,否,高价值沉睡用户,
U00004124,女,57,,是,高价值沉睡用户,
U00004125,男,41,,是,潜力发展用户,
U00004126,男,54,,否,核心价值用户,
U00004127,女,26,,否,低价值/流失用户,
U00004128,男,20,,否,核心价值用户,
U00004129,男,31,,是,高价值沉睡用户,
U00004130,男,55,,否,核心价值用户,
U00004131,男,61,,否,潜力发展用户,
U00004132,女,43,,否,核心价值用户,
U00004133,男,58,,是,潜力发展用户,
U00004134,男,26,,否,潜力发展用户,
U00004135,女,56,,否,潜力发展用户,
U00004136,女,29,,否,潜力发展用户,
U00004137,女,26,,否,高价值沉睡用户,
U00004138,女,37,,是,潜力发展用户,
U00004139,女,43,,否,高价值沉睡用户,
U00004140,女,39,,否,潜力发展用户,
U00004141,女,34,,否,潜力发展用户,
U00004142,女,24,,是,核心价值用户,
U00004143,男,42,,是,高价值沉睡用户,
U00004144,女,50,,否,潜力发展用户,
U00004145,男,65,,否,高价值沉睡用户,
U00004146,女,19,,否,潜力发展用户,
U00004147,女,65,,否,潜力发展用户,
U00004148,男,21,,否,高价值沉睡用户,
U00004149,男,27,,否,潜力发展用户,
U00004150,女,23,,是,核心价值用户,
U00004151,男,22,,是,高价值沉睡用户,
U00004152,女,62,,是,高价值沉睡用户,
U00004153,女,63,,否,高价值沉睡用户,
U00004154,女,39,,否,核心价值用户,
U00004155,男,20,,否,核心价值用户,
U00004156,女,49,,否,低价值/流失用户,
U00004157,女,25,,否,潜力发展用户,
U00004158,女,28,,否,高价值沉睡用户,
U00004159,女,55,,否,核心价值用户,
U00004160,女,32,,是,潜力发展用户,
U00004161,女,52,,是,潜力发展用户,
U00004162,女,60,,否,潜力发展用户,
U00004163,男,34,,是,潜力发展用户,
U00004164,男,27,,是,潜力发展用户,
U00004165,女,29,,否,潜力发展用户,
U00004166,女,31,,否,潜力发展用户,
U00004167,女,19,,否,高价值沉睡用户,
U00004168,女,61,,否,潜力发展用户,
U00004169,女,61,,否,潜力发展用户,
U00004170,男,35,,否,高价值沉睡用户,
U00004171,女,47,,否,低价值/流失用户,
U00004172,女,35,,是,核心价值用户,
U00004173,男,40,,否,潜力发展用户,
U00004174,女,59,,否,潜力发展用户,
U00004175,女,44,,否,高价值沉睡用户,
U00004176,女,48,,否,核心价值用户,
U00004177,女,28,,是,潜力发展用户,
U00004178,男,20,,否,低价值/流失用户,
U00004179,女,37,,否,核心价值用户,
U00004180,女,36,,是,高价值沉睡用户,
U00004181,男,32,,是,核心价值用户,
U00004182,女,47,,是,核心价值用户,
U00004183,男,59,,否,潜力发展用户,
U00004184,女,61,,是,潜力发展用户,
U00004185,女,62,,否,高价值沉睡用户,
U00004186,男,59,,否,低价值/流失用户,
U00004187,女,40,,是,潜力发展用户,
U00004188,女,58,,否,高价值沉睡用户,
U00004189,女,56,,否,核心价值用户,
U00004190,女,44,,否,潜力发展用户,
U00004191,男,20,,是,高价值沉睡用户,
U00004192,男,64,,是,潜力发展用户,
U00004193,男,51,,否,核心价值用户,
U00004194,男,60,,否,高价值沉睡用户,
U00004195,男,49,,否,潜力发展用户,
U00004196,女,54,,否,高价值沉睡用户,
U00004197,男,47,,否,核心价值用户,
U00004198,男,25,,是,潜力发展用户,
U00004199,女,24,,是,潜力发展用户,
U00004200,女,38,,否,低价值/流失用户,
U00004201,男,45,,否,潜力发展用户,
U00004202,女,52,,是,高价值沉睡用户,
U00004203,女,37,,否,高价值沉睡用户,
U00004204,女,22,,否,潜力发展用户,
U00004205,女,54,,是,高价值沉睡用户,
U00004206,女,58,,是,核心价值用户,
U00004207,女,31,,是,潜力发展用户,
U00004208,女,46,,否,高价值沉睡用户,
U00004209,女,18,,是,高价值沉睡用户,
U00004210,女,28,,是,高价值沉睡用户,
U00004211,女,39,,是,核心价值用户,
U00004212,女,32,,是,低价值/流失用户,
U00004213,女,46,,是,潜力发展用户,
U00004214,女,36,,是,高价值沉睡用户,
U00004215,女,29,,否,低价值/流失用户,
U00004216,男,62,,否,核心价值用户,
U00004217,女,60,,是,潜力发展用户,
U00004218,女,52,,否,低价值/流失用户,
U00004219,女,48,,否,高价值沉睡用户,
U00004220,男,30,,否,低价值/流失用户,
U00004221,女,43,,否,潜力发展用户,
U00004222,女,49,,是,潜力发展用户,
U00004223,男,48,,是,潜力发展用户,
U00004224,男,28,,是,潜力发展用户,
U00004225,女,30,,否,核心价值用户,
U00004226,女,25,,否,高价值沉睡用户,
U00004227,女,20,,否,高价值沉睡用户,
U00004228,女,35,,否,高价值沉睡用户,
U00004229,女,41,,是,核心价值用户,
U00004230,男,55,,否,潜力发展用户,
U00004231,女,18,,是,核心价值用户,
U00004232,女,35,,否,高价值沉睡用户,
U00004233,女,56,,是,高价值沉睡用户,
U00004234,男,40,,是,潜力发展用户,
U00004235,女,42,,否,潜力发展用户,
U00004236,男,52,,否,高价值沉睡用户,
U00004237,男,56,,否,潜力发展用户,
U00004238,女,30,,否,核心价值用户,
U00004239,女,49,,是,高价值沉睡用户,
U00004240,男,56,,是,核心价值用户,
U00004241,男,61,,否,核心价值用户,
U00004242,女,23,,否,核心价值用户,
U00004243,男,63,,是,潜力发展用户,
U00004244,男,28,,是,高价值沉睡用户,
U00004245,女,40,,否,潜力发展用户,
U00004246,男,55,,否,高价值沉睡用户,
U00004247,女,45,,是,潜力发展用户,
U00004248,女,55,,否,潜力发展用户,
U00004249,女,31,,否,核心价值用户,
U00004250,女,52,,否,高价值沉睡用户,
U00004251,女,20,,否,高价值沉睡用户,
U00004252,女,38,,否,高价值沉睡用户,
U00004253,女,22,,否,高价值沉睡用户,
U00004254,女,51,,是,潜力发展用户,
U00004255,男,56,,否,潜力发展用户,
U00004256,女,62,,否,核心价值用户,
U00004257,女,64,,是,核心价值用户,
U00004258,女,64,,是,核心价值用户,
U00004259,女,51,,是,潜力发展用户,
U00004260,女,29,,是,核心价值用户,
U00004261,女,31,,是,潜力发展用户,
U00004262,女,57,,是,潜力发展用户,
U00004263,女,44,,否,核心价值用户,
U00004264,女,18,,是,核心价值用户,
U00004265,女,26,,否,核心价值用户,
U00004266,男,33,,否,核心价值用户,
U00004267,女,40,,否,高价值沉睡用户,
U00004268,女,20,,是,潜力发展用户,
U00004269,男,46,,否,核心价值用户,
U00004270,女,61,,否,潜力发展用户,
U00004271,男,40,,否,核心价值用户,
U00004272,女,63,,否,高价值沉睡用户,
U00004273,男,44,,否,核心价值用户,
U00004274,女,28,,是,高价值沉睡用户,
U00004275,女,64,,是,低价值/流失用户,
U00004276,男,33,,否,核心价值用户,
U00004277,女,58,,否,潜力发展用户,
U00004278,女,64,,否,潜力发展用户,
U00004279,女,39,,是,核心价值用户,
U00004280,女,50,,否,潜力发展用户,
U00004281,男,26,,否,低价值/流失用户,
U00004282,女,34,,是,核心价值用户,
U00004283,女,44,,是,高价值沉睡用户,
U00004284,女,32,,是,潜力发展用户,
U00004285,女,20,,是,核心价值用户,
U00004286,男,38,,否,核心价值用户,
U00004287,女,22,,否,核心价值用户,
U00004288,男,65,,否,核心价值用户,
U00004289,男,50,,否,潜力发展用户,
U00004290,女,51,,是,潜力发展用户,
U00004291,男,26,,是,核心价值用户,
U00004292,女,28,,否,潜力发展用户,
U00004293,女,55,,是,核心价值用户,
U00004294,女,32,,否,高价值沉睡用户,
U00004295,女,54,,否,核心价值用户,
U00004296,女,49,,是,潜力发展用户,
U00004297,女,38,,否,高价值沉睡用户,
U00004298,女,38,,否,潜力发展用户,
U00004299,女,24,,是,高价值沉睡用户,
U00004300,女,58,,否,潜力发展用户,
U00004301,女,64,,否,核心价值用户,
U00004302,女,54,,否,高价值沉睡用户,
U00004303,女,38,,是,潜力发展用户,
U00004304,女,25,,是,高价值沉睡用户,
U00004305,男,27,,否,潜力发展用户,
U00004306,女,39,,否,潜力发展用户,
U00004307,男,54,,是,核心价值用户,
U00004308,女,23,,是,潜力发展用户,
U00004309,男,49,,否,高价值沉睡用户,
U00004310,女,41,,是,高价值沉睡用户,
U00004311,男,35,,否,高价值沉睡用户,
U00004312,女,42,,否,潜力发展用户,
U00004313,女,32,,是,潜力发展用户,
U00004314,女,20,,否,核心价值用户,
U00004315,女,53,,是,高价值沉睡用户,
U00004316,男,26,,否,核心价值用户,
U00004317,男,42,,否,高价值沉睡用户,
U00004318,女,30,,否,低价值/流失用户,
U00004319,男,38,,否,潜力发展用户,
U00004320,男,24,,否,潜力发展用户,
U00004321,女,52,,否,潜力发展用户,
U00004322,女,24,,否,核心价值用户,
U00004323,女,60,,否,潜力发展用户,
U00004324,女,31,,否,高价值沉睡用户,
U00004325,女,43,,否,核心价值用户,
U00004326,女,57,,是,高价值沉睡用户,
U00004327,男,37,,否,高价值沉睡用户,
U00004328,男,59,,是,潜力发展用户,
U00004329,男,52,,是,潜力发展用户,
U00004330,女,55,,是,高价值沉睡用户,
U00004331,女,24,,否,高价值沉睡用户,
U00004332,女,65,,否,潜力发展用户,
U00004333,男,22,,否,潜力发展用户,
U00004334,男,24,,否,潜力发展用户,
U00004335,男,28,,否,高价值沉睡用户,
U00004336,男,29,,否,低价值/流失用户,
U00004337,女,54,,是,高价值沉睡用户,
U00004338,女,54,,是,核心价值用户,
U00004339,女,43,,否,低价值/流失用户,
U00004340,女,58,,否,高价值沉睡用户,
U00004341,女,50,,否,核心价值用户,
U00004342,男,50,,是,潜力发展用户,
U00004343,男,20,,否,低价值/流失用户,
U00004344,男,54,,否,潜力发展用户,
U00004345,女,45,,否,潜力发展用户,
U00004346,男,45,,否,潜力发展用户,
U00004347,女,63,,否,潜力发展用户,
U00004348,女,59,,是,潜力发展用户,
U00004349,女,50,,否,低价值/流失用户,
U00004350,男,61,,否,高价值沉睡用户,
U00004351,女,64,,是,核心价值用户,
U00004352,女,24,,否,潜力发展用户,
U00004353,男,27,,是,潜力发展用户,
U00004354,男,62,,是,潜力发展用户,
U00004355,女,37,,是,核心价值用户,
U00004356,男,41,,是,高价值沉睡用户,
U00004357,女,36,,否,核心价值用户,
U00004358,男,20,,否,核心价值用户,
U00004359,男,49,,否,潜力发展用户,
U00004360,女,23,,是,核心价值用户,
U00004361,女,18,,是,高价值沉睡用户,
U00004362,男,19,,否,潜力发展用户,
U00004363,女,45,,否,低价值/流失用户,
U00004364,女,54,,否,核心价值用户,
U00004365,男,23,,否,核心价值用户,
U00004366,男,40,,否,核心价值用户,
U00004367,女,47,,否,高价值沉睡用户,
U00004368,男,47,,否,潜力发展用户,
U00004369,女,34,,否,潜力发展用户,
U00004370,男,56,,否,核心价值用户,
U00004371,男,25,,否,核心价值用户,
U00004372,女,60,,否,核心价值用户,
U00004373,女,63,,否,潜力发展用户,
U00004374,女,45,,是,高价值沉睡用户,
U00004375,男,52,,否,核心价值用户,
U00004376,女,44,,是,高价值沉睡用户,
U00004377,男,19,,否,高价值沉睡用户,
U00004378,女,57,,否,核心价值用户,
U00004379,男,34,,否,潜力发展用户,
U00004380,女,57,,否,高价值沉睡用户,
U00004381,男,63,,否,核心价值用户,
U00004382,女,38,,否,潜力发展用户,
U00004383,女,37,,是,核心价值用户,
U00004384,女,52,,否,核心价值用户,
U00004385,女,62,,是,核心价值用户,
U00004386,男,33,,否,高价值沉睡用户,
U00004387,女,25,,否,高价值沉睡用户,
U00004388,男,46,,是,高价值沉睡用户,
U00004389,男,61,,否,核心价值用户,
U00004390,男,44,,否,潜力发展用户,
U00004391,女,56,,是,潜力发展用户,
U00004392,女,50,,是,低价值/流失用户,
U00004393,女,29,,是,高价值沉睡用户,
U00004394,男,46,,否,潜力发展用户,
U00004395,男,33,,否,潜力发展用户,
U00004396,女,63,,是,核心价值用户,
U00004397,男,45,,否,高价值沉睡用户,
U00004398,女,41,,否,核心价值用户,
U00004399,女,27,,是,核心价值用户,
U00004400,女,64,,否,核心价值用户,
U00004401,女,43,,是,潜力发展用户,
U00004402,男,48,,是,潜力发展用户,
U00004403,男,48,,否,高价值沉睡用户,
U00004404,男,23,,是,核心价值用户,
U00004405,女,20,,否,低价值/流失用户,
U00004406,女,43,,是,潜力发展用户,
U00004407,女,49,,否,高价值沉睡用户,
U00004408,男,49,,是,潜力发展用户,
U00004409,男,38,,是,高价值沉睡用户,
U00004410,女,56,,是,核心价值用户,
U00004411,女,34,,是,潜力发展用户,
U00004412,女,63,,否,潜力发展用户,
U00004413,女,46,,否,高价值沉睡用户,
U00004414,女,43,,是,潜力发展用户,
U00004415,男,53,,是,高价值沉睡用户,
U00004416,男,34,,是,低价值/流失用户,
U00004417,女,54,,否,潜力发展用户,
U00004418,女,30,,否,核心价值用户,
U00004419,男,22,,否,核心价值用户,
U00004420,男,40,,是,核心价值用户,
U00004421,女,27,,否,潜力发展用户,
U00004422,男,21,,否,核心价值用户,
U00004423,女,51,,是,核心价值用户,
U00004424,女,60,,是,核心价值用户,
U00004425,女,51,,否,高价值沉睡用户,
U00004426,男,39,,是,核心价值用户,
U00004427,女,23,,否,核心价值用户,
U00004428,男,20,,是,高价值沉睡用户,
U00004429,女,31,,是,高价值沉睡用户,
U00004430,女,48,,是,高价值沉睡用户,
U00004431,女,56,,否,核心价值用户,
U00004432,女,55,,是,核心价值用户,
U00004433,女,38,,否,高价值沉睡用户,
U00004434,女,44,,否,潜力发展用户,
U00004435,女,22,,是,核心价值用户,
U00004436,女,25,,否,潜力发展用户,
U00004437,女,48,,是,潜力发展用户,
U00004438,女,32,,是,高价值沉睡用户,
U00004439,男,25,,否,高价值沉睡用户,
U00004440,男,28,,否,核心价值用户,
U00004441,女,33,,是,潜力发展用户,
U00004442,女,20,,否,潜力发展用户,
U00004443,女,33,,是,潜力发展用户,
U00004444,男,51,,否,潜力发展用户,
U00004445,女,42,,否,高价值沉睡用户,
U00004446,女,18,,否,潜力发展用户,
U00004447,女,18,,否,潜力发展用户,
U00004448,女,36,,否,低价值/流失用户,
U00004449,男,24,,是,核心价值用户,
U00004450,女,62,,是,高价值沉睡用户,
U00004451,女,23,,是,高价值沉睡用户,
U00004452,男,62,,是,核心价值用户,
U00004453,女,59,,是,核心价值用户,
U00004454,男,56,,否,高价值沉睡用户,
U00004455,女,41,,否,核心价值用户,
U00004456,女,49,,否,潜力发展用户,
U00004457,女,19,,是,潜力发展用户,
U00004458,女,34,,是,核心价值用户,
U00004459,女,39,,是,高价值沉睡用户,
U00004460,女,25,,否,核心价值用户,
U00004461,女,54,,是,核心价值用户,
U00004462,男,51,,否,低价值/流失用户,
U00004463,女,59,,是,潜力发展用户,
U00004464,女,59,,否,核心价值用户,
U00004465,男,22,,是,低价值/流失用户,
U00004466,女,32,,否,核心价值用户,
U00004467,女,50,,否,核心价值用户,
U00004468,男,46,,否,高价值沉睡用户,
U00004469,女,37,,是,高价值沉睡用户,
U00004470,女,47,,否,潜力发展用户,
U00004471,女,21,,否,潜力发展用户,
U00004472,女,49,,是,潜力发展用户,
U00004473,女,58,,否,核心价值用户,
U00004474,男,38,,是,低价值/流失用户,
U00004475,男,48,,否,核心价值用户,
U00004476,女,55,,是,低价值/流失用户,
U00004477,女,29,,否,核心价值用户,
U00004478,女,53,,是,潜力发展用户,
U00004479,女,46,,是,潜力发展用户,
U00004480,女,18,,否,潜力发展用户,
U00004481,女,42,,否,高价值沉睡用户,
U00004482,女,18,,是,潜力发展用户,
U00004483,女,34,,否,潜力发展用户,
U00004484,女,21,,否,核心价值用户,
U00004485,男,47,,是,高价值沉睡用户,
U00004486,女,55,,否,高价值沉睡用户,
U00004487,女,65,,否,高价值沉睡用户,
U00004488,男,56,,否,潜力发展用户,
U00004489,男,50,,是,高价值沉睡用户,
U00004490,男,59,,是,核心价值用户,
U00004491,女,52,,否,核心价值用户,
U00004492,男,34,,否,低价值/流失用户,
U00004493,女,21,,否,潜力发展用户,
U00004494,女,46,,否,高价值沉睡用户,
U00004495,女,57,,是,低价值/流失用户,
U00004496,女,29,,否,核心价值用户,
U00004497,女,55,,否,潜力发展用户,
U00004498,男,49,,否,高价值沉睡用户,
U00004499,女,49,,否,低价值/流失用户,
U00004500,女,44,,否,高价值沉睡用户,
U00004501,女,48,,否,潜力发展用户,
U00004502,女,41,,是,潜力发展用户,
U00004503,女,48,,否,核心价值用户,
U00004504,男,63,,否,高价值沉睡用户,
U00004505,女,47,,是,高价值沉睡用户,
U00004506,男,21,,否,高价值沉睡用户,
U00004507,男,59,,否,核心价值用户,
U00004508,男,21,,是,核心价值用户,
U00004509,女,57,,是,核心价值用户,
U00004510,女,33,,是,低价值/流失用户,
U00004511,男,34,,否,潜力发展用户,
U00004512,女,57,,是,潜力发展用户,
U00004513,女,35,,是,潜力发展用户,
U00004514,女,31,,否,高价值沉睡用户,
U00004515,男,23,,否,核心价值用户,
U00004516,女,24,,是,高价值沉睡用户,
U00004517,女,60,,否,潜力发展用户,
U00004518,女,57,,否,核心价值用户,
U00004519,男,52,,是,低价值/流失用户,
U00004520,女,32,,否,潜力发展用户,
U00004521,女,33,,是,核心价值用户,
U00004522,女,45,,否,核心价值用户,
U00004523,女,41,,是,核心价值用户,
U00004524,女,55,,是,高价值沉睡用户,
U00004525,女,51,,否,核心价值用户,
U00004526,男,33,,否,潜力发展用户,
U00004527,女,49,,是,潜力发展用户,
U00004528,女,59,,否,潜力发展用户,
U00004529,男,60,,是,低价值/流失用户,
U00004530,男,37,,否,核心价值用户,
U00004531,女,52,,是,高价值沉睡用户,
U00004532,女,19,,是,高价值沉睡用户,
U00004533,女,52,,是,潜力发展用户,
U00004534,男,57,,否,核心价值用户,
U00004535,男,20,,否,高价值沉睡用户,
U00004536,女,46,,否,核心价值用户,
U00004537,女,44,,是,核心价值用户,
U00004538,女,27,,否,高价值沉睡用户,
U00004539,女,43,,否,核心价值用户,
U00004540,男,34,,是,高价值沉睡用户,
U00004541,男,56,,否,潜力发展用户,
U00004542,女,45,,是,高价值沉睡用户,
U00004543,女,42,,否,低价值/流失用户,
U00004544,女,21,,否,潜力发展用户,
U00004545,女,57,,是,核心价值用户,
U00004546,男,48,,否,高价值沉睡用户,
U00004547,男,64,,是,低价值/流失用户,
U00004548,女,42,,是,核心价值用户,
U00004549,女,62,,否,潜力发展用户,
U00004550,男,43,,是,高价值沉睡用户,
U00004551,男,58,,是,高价值沉睡用户,
U00004552,男,54,,是,核心价值用户,
U00004553,女,60,,是,潜力发展用户,
U00004554,女,50,,否,核心价值用户,
U00004555,女,44,,是,潜力发展用户,
U00004556,女,35,,否,潜力发展用户,
U00004557,男,47,,否,潜力发展用户,
U00004558,女,57,,否,高价值沉睡用户,
U00004559,女,40,,否,潜力发展用户,
U00004560,女,38,,否,潜力发展用户,
U00004561,男,44,,否,高价值沉睡用户,
U00004562,男,60,,否,高价值沉睡用户,
U00004563,女,52,,否,核心价值用户,
U00004564,女,64,,是,潜力发展用户,
U00004565,女,49,,否,低价值/流失用户,
U00004566,女,19,,是,潜力发展用户,
U00004567,女,49,,否,核心价值用户,
U00004568,女,35,,是,核心价值用户,
U00004569,女,43,,是,高价值沉睡用户,
U00004570,女,52,,否,低价值/流失用户,
U00004571,男,54,,否,高价值沉睡用户,
U00004572,女,30,,否,潜力发展用户,
U00004573,女,34,,否,核心价值用户,
U00004574,女,64,,是,高价值沉睡用户,
U00004575,女,41,,否,核心价值用户,
U00004576,女,30,,否,潜力发展用户,
U00004577,女,41,,是,高价值沉睡用户,
U00004578,女,65,,是,高价值沉睡用户,
U00004579,女,65,,否,高价值沉睡用户,
U00004580,女,21,,否,潜力发展用户,
U00004581,女,54,,否,高价值沉睡用户,
U00004582,男,19,,是,潜力发展用户,
U00004583,女,25,,是,高价值沉睡用户,
U00004584,女,62,,否,潜力发展用户,
U00004585,女,43,,否,潜力发展用户,
U00004586,女,60,,否,高价值沉睡用户,
U00004587,男,46,,否,高价值沉睡用户,
U00004588,女,60,,否,核心价值用户,
U00004589,女,23,,是,潜力发展用户,
U00004590,女,63,,否,潜力发展用户,
U00004591,女,22,,是,潜力发展用户,
U00004592,女,23,,否,核心价值用户,
U00004593,女,18,,是,核心价值用户,
U00004594,女,57,,是,低价值/流失用户,
U00004595,女,25,,否,核心价值用户,
U00004596,女,59,,否,核心价值用户,
U00004597,男,39,,是,潜力发展用户,
U00004598,女,64,,否,潜力发展用户,
U00004599,女,29,,是,低价值/流失用户,
U00004600,女,37,,否,低价值/流失用户,
U00004601,女,45,,否,潜力发展用户,
U00004602,男,50,,是,核心价值用户,
U00004603,女,26,,否,潜力发展用户,
U00004604,女,62,,否,潜力发展用户,
U00004605,女,54,,是,低价值/流失用户,
U00004606,女,55,,否,低价值/流失用户,
U00004607,女,21,,是,核心价值用户,
U00004608,女,61,,是,潜力发展用户,
U00004609,女,30,,否,潜力发展用户,
U00004610,女,22,,是,潜力发展用户,
U00004611,女,19,,是,核心价值用户,
U00004612,男,59,,否,高价值沉睡用户,
U00004613,女,35,,否,潜力发展用户,
U00004614,女,20,,否,高价值沉睡用户,
U00004615,女,24,,否,高价值沉睡用户,
U00004616,女,29,,否,高价值沉睡用户,
U00004617,女,33,,是,核心价值用户,
U00004618,女,36,,是,潜力发展用户,
U00004619,女,46,,否,高价值沉睡用户,
U00004620,女,24,,是,核心价值用户,
U00004621,女,57,,是,核心价值用户,
U00004622,女,51,,是,潜力发展用户,
U00004623,女,29,,否,低价值/流失用户,
U00004624,女,38,,是,核心价值用户,
U00004625,女,25,,否,核心价值用户,
U00004626,女,31,,是,潜力发展用户,
U00004627,男,59,,否,高价值沉睡用户,
U00004628,女,45,,否,潜力发展用户,
U00004629,女,21,,否,潜力发展用户,
U00004630,女,39,,否,潜力发展用户,
U00004631,女,28,,否,潜力发展用户,
U00004632,男,31,,是,高价值沉睡用户,
U00004633,女,45,,否,潜力发展用户,
U00004634,男,41,,否,潜力发展用户,
U00004635,女,65,,是,潜力发展用户,
U00004636,女,30,,否,潜力发展用户,
U00004637,女,65,,是,低价值/流失用户,
U00004638,女,62,,否,核心价值用户,
U00004639,男,23,,否,低价值/流失用户,
U00004640,女,41,,是,潜力发展用户,
U00004641,女,65,,否,潜力发展用户,
U00004642,女,26,,否,高价值沉睡用户,
U00004643,女,24,,是,高价值沉睡用户,
U00004644,男,30,,否,高价值沉睡用户,
U00004645,女,48,,是,潜力发展用户,
U00004646,女,30,,否,潜力发展用户,
U00004647,女,18,,否,潜力发展用户,
U00004648,女,62,,是,低价值/流失用户,
U00004649,女,32,,是,低价值/流失用户,
U00004650,女,44,,否,潜力发展用户,
U00004651,女,49,,否,潜力发展用户,
U00004652,男,24,,否,核心价值用户,
U00004653,女,64,,是,核心价值用户,
U00004654,男,25,,是,潜力发展用户,
U00004655,女,58,,是,潜力发展用户,
U00004656,女,26,,否,低价值/流失用户,
U00004657,女,58,,否,潜力发展用户,
U00004658,男,45,,是,高价值沉睡用户,
U00004659,女,31,,是,潜力发展用户,
U00004660,女,43,,否,核心价值用户,
U00004661,男,47,,否,高价值沉睡用户,
U00004662,男,27,,否,高价值沉睡用户,
U00004663,男,22,,是,低价值/流失用户,
U00004664,男,51,,否,核心价值用户,
U00004665,男,50,,否,核心价值用户,
U00004666,女,23,,否,潜力发展用户,
U00004667,女,46,,否,高价值沉睡用户,
U00004668,男,30,,是,潜力发展用户,
U00004669,女,24,,是,潜力发展用户,
U00004670,男,33,,是,潜力发展用户,
U00004671,女,31,,是,高价值沉睡用户,
U00004672,女,26,,否,核心价值用户,
U00004673,女,58,,是,核心价值用户,
U00004674,女,40,,是,核心价值用户,
U00004675,男,21,,是,高价值沉睡用户,
U00004676,女,57,,否,高价值沉睡用户,
U00004677,女,65,,否,核心价值用户,
U00004678,女,38,,否,低价值/流失用户,
U00004679,女,44,,否,核心价值用户,
U00004680,男,25,,否,潜力发展用户,
U00004681,男,37,,是,潜力发展用户,
U00004682,女,63,,是,核心价值用户,
U00004683,男,29,,否,潜力发展用户,
U00004684,男,39,,否,核心价值用户,
U00004685,男,64,,是,潜力发展用户,
U00004686,女,39,,否,核心价值用户,
U00004687,男,18,,是,低价值/流失用户,
U00004688,女,26,,否,高价值沉睡用户,
U00004689,女,29,,是,高价值沉睡用户,
U00004690,女,20,,否,核心价值用户,
U00004691,女,28,,是,高价值沉睡用户,
U00004692,男,20,,否,低价值/流失用户,
U00004693,男,28,,否,低价值/流失用户,
U00004694,男,31,,否,低价值/流失用户,
U00004695,女,62,,否,低价值/流失用户,
U00004696,女,58,,否,潜力发展用户,
U00004697,女,38,,否,高价值沉睡用户,
U00004698,女,29,,否,核心价值用户,
U00004699,女,46,,否,潜力发展用户,
U00004700,男,47,,是,核心价值用户,
U00004701,女,36,,是,潜力发展用户,
U00004702,女,37,,是,潜力发展用户,
U00004703,女,29,,是,潜力发展用户,
U00004704,女,50,,是,潜力发展用户,
U00004705,男,30,,是,潜力发展用户,
U00004706,女,63,,否,潜力发展用户,
U00004707,女,23,,是,高价值沉睡用户,
U00004708,男,43,,否,潜力发展用户,
U00004709,女,20,,否,潜力发展用户,
U00004710,女,43,,否,核心价值用户,
U00004711,女,27,,否,核心价值用户,
U00004712,女,34,,否,核心价值用户,
U00004713,女,51,,否,潜力发展用户,
U00004714,女,65,,否,潜力发展用户,
U00004715,女,25,,否,潜力发展用户,
U00004716,男,35,,是,低价值/流失用户,
U00004717,女,27,,是,潜力发展用户,
U00004718,女,58,,是,潜力发展用户,
U00004719,男,22,,是,核心价值用户,
U00004720,女,28,,否,潜力发展用户,
U00004721,女,55,,是,高价值沉睡用户,
U00004722,男,40,,否,潜力发展用户,
U00004723,男,23,,否,核心价值用户,
U00004724,女,35,,否,潜力发展用户,
U00004725,女,32,,是,核心价值用户,
U00004726,女,53,,否,潜力发展用户,
U00004727,女,59,,否,低价值/流失用户,
U00004728,女,30,,否,潜力发展用户,
U00004729,男,40,,是,潜力发展用户,
U00004730,女,50,,否,高价值沉睡用户,
U00004731,女,18,,否,潜力发展用户,
U00004732,女,49,,否,潜力发展用户,
U00004733,女,56,,是,核心价值用户,
U00004734,男,29,,是,核心价值用户,
U00004735,女,60,,否,高价值沉睡用户,
U00004736,女,47,,否,核心价值用户,
U00004737,男,64,,否,核心价值用户,
U00004738,女,29,,否,高价值沉睡用户,
U00004739,男,57,,否,高价值沉睡用户,
U00004740,女,62,,否,核心价值用户,
U00004741,女,41,,否,潜力发展用户,
U00004742,男,22,,否,核心价值用户,
U00004743,女,41,,否,核心价值用户,
U00004744,女,23,,是,核心价值用户,
U00004745,女,61,,是,核心价值用户,
U00004746,女,56,,是,潜力发展用户,
U00004747,女,57,,否,潜力发展用户,
U00004748,男,61,,是,核心价值用户,
U00004749,女,36,,否,潜力发展用户,
U00004750,男,52,,是,潜力发展用户,
U00004751,男,44,,是,高价值沉睡用户,
U00004752,男,50,,是,潜力发展用户,
U00004753,女,57,,否,低价值/流失用户,
U00004754,女,58,,是,潜力发展用户,
U00004755,女,51,,是,核心价值用户,
U00004756,女,36,,否,潜力发展用户,
U00004757,女,40,,是,核心价值用户,
U00004758,男,28,,是,高价值沉睡用户,
U00004759,女,62,,是,低价值/流失用户,
U00004760,女,34,,否,核心价值用户,
U00004761,女,53,,否,潜力发展用户,
U00004762,女,25,,否,核心价值用户,
U00004763,男,56,,是,核心价值用户,
U00004764,女,49,,是,潜力发展用户,
U00004765,女,52,,是,潜力发展用户,
U00004766,女,60,,是,高价值沉睡用户,
U00004767,女,59,,否,潜力发展用户,
U00004768,女,55,,否,核心价值用户,
U00004769,女,59,,否,高价值沉睡用户,
U00004770,女,25,,是,高价值沉睡用户,
U00004771,女,18,,否,高价值沉睡用户,
U00004772,女,24,,否,核心价值用户,
U00004773,男,24,,否,潜力发展用户,
U00004774,男,26,,是,潜力发展用户,
U00004775,女,50,,是,潜力发展用户,
U00004776,女,54,,否,潜力发展用户,
U00004777,女,52,,否,核心价值用户,
U00004778,男,59,,否,低价值/流失用户,
U00004779,女,22,,否,潜力发展用户,
U00004780,女,46,,否,潜力发展用户,
U00004781,男,48,,否,潜力发展用户,
U00004782,女,51,,是,高价值沉睡用户,
U00004783,男,60,,是,核心价值用户,
U00004784,女,35,,否,核心价值用户,
U00004785,男,27,,是,低价值/流失用户,
U00004786,女,19,,否,潜力发展用户,
U00004787,女,38,,是,潜力发展用户,
U00004788,女,58,,否,潜力发展用户,
U00004789,男,38,,否,高价值沉睡用户,
U00004790,男,45,,否,潜力发展用户,
U00004791,男,27,,是,高价值沉睡用户,
U00004792,女,25,,是,核心价值用户,
U00004793,男,26,,否,潜力发展用户,
U00004794,女,28,,是,高价值沉睡用户,
U00004795,女,55,,是,核心价值用户,
U00004796,女,33,,是,高价值沉睡用户,
U00004797,女,39,,否,潜力发展用户,
U00004798,女,24,,是,潜力发展用户,
U00004799,女,61,,否,潜力发展用户,
U00004800,男,65,,是,潜力发展用户,
U00004801,女,18,,是,潜力发展用户,
U00004802,女,51,,否,潜力发展用户,
U00004803,女,27,,否,潜力发展用户,
U00004804,男,54,,否,核心价值用户,
U00004805,女,44,,否,核心价值用户,
U00004806,女,63,,否,高价值沉睡用户,
U00004807,女,44,,否,潜力发展用户,
U00004808,女,37,,否,潜力发展用户,
U00004809,男,25,,否,核心价值用户,
U00004810,女,54,,是,潜力发展用户,
U00004811,男,50,,是,核心价值用户,
U00004812,男,40,,是,潜力发展用户,
U00004813,男,27,,是,高价值沉睡用户,
U00004814,男,63,,是,高价值沉睡用户,
U00004815,女,26,,否,高价值沉睡用户,
U00004816,女,45,,否,低价值/流失用户,
U00004817,女,60,,否,低价值/流失用户,
U00004818,男,21,,否,潜力发展用户,
U00004819,男,36,,是,核心价值用户,
U00004820,男,40,,是,高价值沉睡用户,
U00004821,男,27,,否,潜力发展用户,
U00004822,女,54,,是,高价值沉睡用户,
U00004823,女,56,,否,核心价值用户,
U00004824,男,55,,否,低价值/流失用户,
U00004825,女,65,,否,核心价值用户,
U00004826,男,54,,是,高价值沉睡用户,
U00004827,女,54,,是,潜力发展用户,
U00004828,女,55,,是,核心价值用户,
U00004829,女,19,,是,潜力发展用户,
U00004830,女,36,,否,潜力发展用户,
U00004831,男,24,,否,高价值沉睡用户,
U00004832,女,24,,否,核心价值用户,
U00004833,男,25,,否,核心价值用户,
U00004834,女,56,,是,核心价值用户,
U00004835,女,26,,否,潜力发展用户,
U00004836,女,33,,否,核心价值用户,
U00004837,女,42,,是,核心价值用户,
U00004838,男,23,,是,潜力发展用户,
U00004839,男,27,,否,高价值沉睡用户,
U00004840,女,62,,是,低价值/流失用户,
U00004841,女,46,,是,潜力发展用户,
U00004842,男,20,,否,核心价值用户,
U00004843,男,23,,否,低价值/流失用户,
U00004844,女,31,,是,核心价值用户,
U00004845,女,39,,否,核心价值用户,
U00004846,女,62,,是,核心价值用户,
U00004847,女,37,,是,高价值沉睡用户,
U00004848,男,47,,是,高价值沉睡用户,
U00004849,女,30,,否,潜力发展用户,
U00004850,女,28,,否,潜力发展用户,
U00004851,男,25,,否,低价值/流失用户,
U00004852,女,62,,是,高价值沉睡用户,
U00004853,男,29,,是,核心价值用户,
U00004854,男,44,,否,核心价值用户,
U00004855,男,22,,否,低价值/流失用户,
U00004856,女,41,,否,高价值沉睡用户,
U00004857,女,43,,否,潜力发展用户,
U00004858,女,65,,是,潜力发展用户,
U00004859,女,58,,是,潜力发展用户,
U00004860,女,64,,否,潜力发展用户,
U00004861,女,25,,否,低价值/流失用户,
U00004862,男,51,,否,低价值/流失用户,
U00004863,女,33,,否,高价值沉睡用户,
U00004864,女,65,,是,潜力发展用户,
U00004865,女,20,,否,潜力发展用户,
U00004866,男,44,,否,核心价值用户,
U00004867,女,27,,是,潜力发展用户,
U00004868,男,35,,是,核心价值用户,
U00004869,女,21,,否,核心价值用户,
U00004870,女,48,,否,核心价值用户,
U00004871,女,18,,是,高价值沉睡用户,
U00004872,女,40,,否,核心价值用户,
U00004873,女,60,,是,高价值沉睡用户,
U00004874,女,20,,否,核心价值用户,
U00004875,女,31,,否,潜力发展用户,
U00004876,女,60,,否,潜力发展用户,
U00004877,女,35,,否,潜力发展用户,
U00004878,男,47,,否,核心价值用户,
U00004879,男,28,,是,低价值/流失用户,
U00004880,男,59,,否,潜力发展用户,
U00004881,女,35,,是,核心价值用户,
U00004882,女,63,,是,潜力发展用户,
U00004883,女,30,,是,低价值/流失用户,
U00004884,女,22,,是,核心价值用户,
U00004885,女,35,,是,低价值/流失用户,
U00004886,女,26,,否,潜力发展用户,
U00004887,男,40,,否,核心价值用户,
U00004888,女,61,,是,潜力发展用户,
U00004889,男,52,,否,高价值沉睡用户,
U00004890,女,45,,否,低价值/流失用户,
U00004891,男,53,,是,核心价值用户,
U00004892,女,42,,是,潜力发展用户,
U00004893,女,49,,否,潜力发展用户,
U00004894,女,60,,是,核心价值用户,
U00004895,女,34,,否,核心价值用户,
U00004896,女,57,,否,核心价值用户,
U00004897,女,62,,否,高价值沉睡用户,
U00004898,女,41,,是,核心价值用户,
U00004899,女,38,,是,潜力发展用户,
U00004900,女,20,,否,核心价值用户,
U00004901,男,24,,是,潜力发展用户,
U00004902,男,47,,是,高价值沉睡用户,
U00004903,女,21,,否,潜力发展用户,
U00004904,女,18,,是,潜力发展用户,
U00004905,女,56,,否,核心价值用户,
U00004906,女,21,,否,潜力发展用户,
U00004907,女,57,,否,核心价值用户,
U00004908,男,58,,否,潜力发展用户,
U00004909,女,50,,是,核心价值用户,
U00004910,女,21,,是,高价值沉睡用户,
U00004911,女,38,,否,核心价值用户,
U00004912,女,37,,是,核心价值用户,
U00004913,女,42,,否,高价值沉睡用户,
U00004914,男,18,,否,潜力发展用户,
U00004915,女,56,,是,潜力发展用户,
U00004916,女,53,,否,潜力发展用户,
U00004917,女,35,,是,潜力发展用户,
U00004918,男,65,,是,核心价值用户,
U00004919,女,59,,是,核心价值用户,
U00004920,男,20,,否,潜力发展用户,
U00004921,女,58,,否,核心价值用户,
U00004922,男,51,,是,低价值/流失用户,
U00004923,女,29,,否,潜力发展用户,
U00004924,男,30,,是,核心价值用户,
U00004925,女,19,,是,潜力发展用户,
U00004926,女,40,,是,核心价值用户,
U00004927,女,32,,否,核心价值用户,
U00004928,女,25,,否,核心价值用户,
U00004929,男,22,,是,潜力发展用户,
U00004930,女,54,,否,低价值/流失用户,
U00004931,男,27,,是,高价值沉睡用户,
U00004932,男,18,,否,高价值沉睡用户,
U00004933,女,49,,否,低价值/流失用户,
U00004934,女,61,,是,潜力发展用户,
U00004935,女,37,,否,潜力发展用户,
U00004936,男,33,,是,潜力发展用户,
U00004937,女,39,,否,潜力发展用户,
U00004938,女,24,,否,核心价值用户,
U00004939,女,18,,否,核心价值用户,
U00004940,女,24,,是,潜力发展用户,
U00004941,女,56,,是,低价值/流失用户,
U00004942,男,20,,是,潜力发展用户,
U00004943,女,23,,是,潜力发展用户,
U00004944,男,40,,否,核心价值用户,
U00004945,女,30,,否,潜力发展用户,
U00004946,男,32,,否,高价值沉睡用户,
U00004947,女,48,,否,低价值/流失用户,
U00004948,男,31,,否,低价值/流失用户,
U00004949,男,61,,是,核心价值用户,
U00004950,男,21,,否,低价值/流失用户,
U00004951,女,65,,是,高价值沉睡用户,
U00004952,女,29,,是,潜力发展用户,
U00004953,女,58,,否,高价值沉睡用户,
U00004954,女,33,,是,低价值/流失用户,
U00004955,男,38,,是,高价值沉睡用户,
U00004956,男,28,,是,高价值沉睡用户,
U00004957,女,61,,否,潜力发展用户,
U00004958,女,30,,是,高价值沉睡用户,
U00004959,男,31,,是,低价值/流失用户,
U00004960,女,51,,否,潜力发展用户,
U00004961,女,58,,否,潜力发展用户,
U00004962,女,39,,是,潜力发展用户,
U00004963,男,21,,否,潜力发展用户,
U00004964,女,52,,是,高价值沉睡用户,
U00004965,女,38,,否,核心价值用户,
U00004966,男,20,,是,核心价值用户,
U00004967,女,42,,否,潜力发展用户,
U00004968,男,50,,是,核心价值用户,
U00004969,女,25,,否,低价值/流失用户,
U00004970,女,27,,是,潜力发展用户,
U00004971,女,49,,否,高价值沉睡用户,
U00004972,女,55,,是,潜力发展用户,
U00004973,女,45,,否,核心价值用户,
U00004974,女,61,,否,核心价值用户,
U00004975,女,62,,否,潜力发展用户,
U00004976,男,35,,否,潜力发展用户,
U00004977,女,51,,否,核心价值用户,
U00004978,女,50,,是,潜力发展用户,
U00004979,男,39,,是,核心价值用户,
U00004980,男,30,,否,核心价值用户,
U00004981,男,32,,是,潜力发展用户,
U00004982,女,44,,否,高价值沉睡用户,
U00004983,男,29,,否,高价值沉睡用户,
U00004984,女,58,,否,潜力发展用户,
U00004985,男,62,,是,核心价值用户,
U00004986,女,25,,是,潜力发展用户,
U00004987,女,35,,否,潜力发展用户,
U00004988,男,32,,否,潜力发展用户,
U00004989,男,39,,否,潜力发展用户,
U00004990,男,19,,是,潜力发展用户,
U00004991,男,53,,否,高价值沉睡用户,
U00004992,男,62,,否,高价值沉睡用户,
U00004993,男,41,,否,核心价值用户,
U00004994,女,55,,是,潜力发展用户,
U00004995,男,45,,是,低价值/流失用户,
U00004996,女,49,,是,低价值/流失用户,
U00004997,女,20,,是,核心价值用户,
U00004998,女,56,,是,核心价值用户,
U00004999,女,41,,否,潜力发展用户,
U00005000,女,56,,否,潜力发展用户,
